[{"model": "users.user", "pk": 5, "fields": {"password": "pbkdf2_sha256$600000$7hBTLxDpD0mwQfnDVrowpK$UJX5C9R+i1niDU9b50gBsfwa9n16gMLX2JPobpTkoCg=", "last_login": null, "is_superuser": false, "email": "testuser@gmail.com", "full_name": "Test User", "birth_date": null, "role": "student", "is_verified": true, "is_active": true, "is_staff": false, "profile_picture": "", "groups": [], "user_permissions": []}}, {"model": "users.user", "pk": 6, "fields": {"password": "pbkdf2_sha256$600000$r0AVnXhVNRrhg7uFXZRaKO$5QU+EFj3SjPgopsUVSh9bsQuiUIwqkOVQ2UPY/4U1pA=", "last_login": null, "is_superuser": false, "email": "testuser2@gmail.com", "full_name": "Test User2", "birth_date": null, "role": "student", "is_verified": false, "is_active": true, "is_staff": false, "profile_picture": "", "groups": [], "user_permissions": []}}, {"model": "users.user", "pk": 7, "fields": {"password": "pbkdf2_sha256$600000$WswGqRHZYeHj86sv9oeTx4$l2CAD2e8p1vUrqpEpJ9zZTniB7otWhN1HUC1GHh7r5U=", "last_login": null, "is_superuser": false, "email": "guru1@gmail.com", "full_name": "Gurusatu", "birth_date": null, "role": "teacher", "is_verified": false, "is_active": true, "is_staff": false, "profile_picture": "", "groups": [], "user_permissions": []}}, {"model": "users.user", "pk": 8, "fields": {"password": "pbkdf2_sha256$600000$opl8P4Y973Rk9Lzsnk14be$G3QyP+pSag3YfEKWMAmamT6TVJvRjWMwxmdjk2I61js=", "last_login": null, "is_superuser": false, "email": "andika@gmail.com", "full_name": "Ambiya", "birth_date": "2004-12-12", "role": "student", "is_verified": true, "is_active": true, "is_staff": false, "profile_picture": "profile_pics/b31b549a-21d1-4b9c-a8c9-40ba403ad25d.jpg", "groups": [], "user_permissions": []}}, {"model": "users.user", "pk": 9, "fields": {"password": "pbkdf2_sha256$600000$daohE4Q0puOfhzuTtP30I9$xFKp75aIcjOin7vNac+h2PQQfYHttHds+NahjVsJOmI=", "last_login": null, "is_superuser": false, "email": "ilyas@gmail.com", "full_name": "Ilyas", "birth_date": "2010-11-27", "role": "teacher", "is_verified": false, "is_active": true, "is_staff": false, "profile_picture": "", "groups": [], "user_permissions": []}}, {"model": "users.user", "pk": 10, "fields": {"password": "pbkdf2_sha256$600000$rR9TWpapgym57KkaQ1qNoI$2ACcP7ev7W+jyjh/ewkP4we148my5iaMjUbYaBvPm9U=", "last_login": null, "is_superuser": false, "email": "bjari@gmail.com", "full_name": "bjari", "birth_date": "2025-11-27", "role": "student", "is_verified": false, "is_active": true, "is_staff": false, "profile_picture": "", "groups": [], "user_permissions": []}}, {"model": "users.user", "pk": 11, "fields": {"password": "pbkdf2_sha256$600000$5yGxcLCUxNCYo0qry4fgSw$zDmfAERyQ7uGcOfXL85hP772Vsepmiv03GDN6LCvNZc=", "last_login": null, "is_superuser": false, "email": "Natehigger@gmail.com", "full_name": "Nate Higger", "birth_date": "2025-11-27", "role": "student", "is_verified": false, "is_active": true, "is_staff": false, "profile_picture": "", "groups": [], "user_permissions": []}}, {"model": "users.user", "pk": 12, "fields": {"password": "pbkdf2_sha256$600000$7JSZAesooIToxxIvDq5l46$zbJH1JAavduoIdtr+NZxehMVAOHPazAolWS9AdSvy7A=", "last_login": null, "is_superuser": false, "email": "D@gmail.com", "full_name": "Dika", "birth_date": "2025-12-02", "role": "student", "is_verified": false, "is_active": true, "is_staff": false, "profile_picture": "", "groups": [], "user_permissions": []}}, {"model": "users.user", "pk": 13, "fields": {"password": "pbkdf2_sha256$600000$93OY1T2QhW4d1fiCPIuq2E$jn/cnc6P7dfh6kpHMJMVbg2Szoxd92Y0qT2EsJHtilk=", "last_login": null, "is_superuser": false, "email": "diga@gmail.com", "full_name": "Digga", "birth_date": "1999-12-02", "role": "teacher", "is_verified": false, "is_active": true, "is_staff": false, "profile_picture": "", "groups": [], "user_permissions": []}}, {"model": "users.user", "pk": 14, "fields": {"password": "pbkdf2_sha256$600000$dvc4SQDvf66Qh4JZeYfIuH$a/Fr76O4IkcUlMZcIrFT2OeDeidEOnAMIEw15X4oHbY=", "last_login": null, "is_superuser": false, "email": "test_dash_2@example.com", "full_name": "Test Dashboard 2", "birth_date": null, "role": "student", "is_verified": false, "is_active": true, "is_staff": false, "profile_picture": "", "groups": [], "user_permissions": []}}, {"model": "users.user", "pk": 15, "fields": {"password": "pbkdf2_sha256$600000$7FxG9p0hQDD65xWcBD6yyc$Ek1f4iJm/Rjr58jHyzB16gXravsa2Ilh4+wICJEWFhw=", "last_login": null, "is_superuser": false, "email": "hambasahaya@gmail.com", "full_name": "Hamba", "birth_date": "1994-12-16", "role": "student", "is_verified": false, "is_active": true, "is_staff": false, "profile_picture": "", "groups": [], "user_permissions": []}}, {"model": "users.user", "pk": 16, "fields": {"password": "pbkdf2_sha256$600000$73RekvpZPhweA3RpuAmSYj$6Aq1UjBI/ltWg2mjB6aj7f7B3ipBtaS16Xqof4M4+j4=", "last_login": null, "is_superuser": false, "email": "sandy@gmail.com", "full_name": "Sandy", "birth_date": "2025-12-09", "role": "student", "is_verified": false, "is_active": true, "is_staff": false, "profile_picture": "", "groups": [], "user_permissions": []}}, {"model": "users.user", "pk": 17, "fields": {"password": "pbkdf2_sha256$600000$5QUku9dQ15dOzM57YzbfU9$qvKHR3un78QiXZssn36+RwNtREfPWYffNOtbGK0AXeo=", "last_login": null, "is_superuser": false, "email": "dika@gmail.com", "full_name": "dika", "birth_date": "2025-12-09", "role": "student", "is_verified": false, "is_active": true, "is_staff": false, "profile_picture": "", "groups": [], "user_permissions": []}}, {"model": "users.user", "pk": 19, "fields": {"password": "pbkdf2_sha256$600000$Jx3Z8IoCVVg0mysKQKTOJn$qw+4BLHvaV0QSQfqxE72q8T4NoEeCL3r79OVbDPOn9M=", "last_login": null, "is_superuser": false, "email": "teacher@gmail.com", "full_name": "Teacher1", "birth_date": "2025-12-14", "role": "student", "is_verified": false, "is_active": true, "is_staff": false, "profile_picture": "", "groups": [], "user_permissions": []}}, {"model": "users.user", "pk": 20, "fields": {"password": "pbkdf2_sha256$600000$i5eT58vPxvvG1JmxftfUoG$8INltlj43V4aoAR+mBdLod2HKeAy5bdLDEfZueXSois=", "last_login": null, "is_superuser": false, "email": "teacher2@gmail.com", "full_name": "teacher", "birth_date": "2025-12-14", "role": "teacher", "is_verified": true, "is_active": true, "is_staff": false, "profile_picture": "profile_pics/0249aebf-bdc7-429a-a06e-cbd5a1ca6a19.jpeg", "groups": [], "user_permissions": []}}, {"model": "users.user", "pk": 21, "fields": {"password": "pbkdf2_sha256$600000$nDmxXqe2dW5rygcLmmNF2j$UBWO6+JxsVpre5Zmm51hqCFZI2fmYtzMG1vQtOj3A+8=", "last_login": null, "is_superuser": true, "email": "andikamaskar@gmail.com", "full_name": "", "birth_date": null, "role": "admin", "is_verified": false, "is_active": true, "is_staff": true, "profile_picture": "", "groups": [], "user_permissions": []}}, {"model": "users.user", "pk": 22, "fields": {"password": "pbkdf2_sha256$600000$H5x9vugP6VOxD4xPIrAExF$cQGmc5IMw3pfPTwuRhJ2NRiTuLJ1vtLOr/0CGgNsBmc=", "last_login": null, "is_superuser": false, "email": "ahmad@gmail.com", "full_name": "Ahmad", "birth_date": "2025-12-03", "role": "teacher", "is_verified": false, "is_active": true, "is_staff": false, "profile_picture": "", "groups": [], "user_permissions": []}}, {"model": "users.user", "pk": 23, "fields": {"password": "pbkdf2_sha256$600000$9gMbzZQK8iEI1tYWznh0ew$+2AAk5vZjwdyRkBDMKkFPQ29+s+hyKFZEWExN/AOYO8=", "last_login": null, "is_superuser": false, "email": "alvyn@gmail.com", "full_name": "vyn", "birth_date": "2025-12-14", "role": "student", "is_verified": true, "is_active": true, "is_staff": false, "profile_picture": "", "groups": [], "user_permissions": []}}, {"model": "users.user", "pk": 24, "fields": {"password": "pbkdf2_sha256$600000$kSPqzelRacynjjMr0sWM7T$64fpWoOyyxWMblfxDj0763rFQJhsPqksUdbNm6ztkuE=", "last_login": null, "is_superuser": false, "email": "smowow@gmail.com", "full_name": "Smowow", "birth_date": "2025-12-03", "role": "student", "is_verified": true, "is_active": true, "is_staff": false, "profile_picture": "", "groups": [], "user_permissions": []}}, {"model": "users.user", "pk": 26, "fields": {"password": "pbkdf2_sha256$600000$7HBoxkrKw6HoDl00OMYFQj$YqEpYtesULeGbnUUBNV1O0trMbbvz47Rw8U4SWtGGLM=", "last_login": null, "is_superuser": false, "email": "test_teacher_debug@example.com", "full_name": "Test Teacher", "birth_date": null, "role": "teacher", "is_verified": false, "is_active": true, "is_staff": false, "profile_picture": "", "groups": [], "user_permissions": []}}, {"model": "users.user", "pk": 27, "fields": {"password": "pbkdf2_sha256$600000$hda0Cb4B3qt69Hd5FOkj1P$OYjTImWY10Lf0aeroyzZaLofyeoHqFMERowBx14yRks=", "last_login": null, "is_superuser": false, "email": "test_teacher_verify@example.com", "full_name": "Test Teacher", "birth_date": null, "role": "teacher", "is_verified": false, "is_active": true, "is_staff": false, "profile_picture": "", "groups": [], "user_permissions": []}}, {"model": "users.user", "pk": 28, "fields": {"password": "pbkdf2_sha256$600000$ZHSC7QFGgX0jesT21PL1cS$pq0My/3SMAfKVup7Ngb+cN3uLVbKVJod5pCR17O9duQ=", "last_login": null, "is_superuser": false, "email": "teacher3@gmail.com", "full_name": "Guru", "birth_date": "2025-12-20", "role": "teacher", "is_verified": true, "is_active": true, "is_staff": false, "profile_picture": "", "groups": [], "user_permissions": []}}, {"model": "users.user", "pk": 29, "fields": {"password": "pbkdf2_sha256$600000$wNppp8aH29gRsOpIrO1p6j$Xj/vOlQsHuFhmfmhXwCONhetjaf+uozPCmknornbxGU=", "last_login": null, "is_superuser": true, "email": "Admin1234@gmail.com", "full_name": "", "birth_date": null, "role": "admin", "is_verified": false, "is_active": true, "is_staff": true, "profile_picture": "", "groups": [], "user_permissions": []}}, {"model": "users.user", "pk": 30, "fields": {"password": "pbkdf2_sha256$600000$9BLEIpvgo22yiVvY5yPTFA$gld2Hd5yztKRSPmEoFhqXZ2NbeARn7j5YmllcaPDzcQ=", "last_login": null, "is_superuser": false, "email": "studen01@gmail.com", "full_name": "Muhammad Rivaldo", "birth_date": "2006-12-07", "role": "student", "is_verified": true, "is_active": true, "is_staff": false, "profile_picture": "", "groups": [], "user_permissions": []}}, {"model": "users.user", "pk": 31, "fields": {"password": "pbkdf2_sha256$600000$ciRTsd6lqBvofkbblQu33b$CmuTbKIE/fHuQdhPCdT9Ww2MpMBgSmqNVeqAivIXJdQ=", "last_login": null, "is_superuser": false, "email": "studen02@gmail.com", "full_name": "Sandy Ahmad Sanusi", "birth_date": "2004-02-18", "role": "student", "is_verified": true, "is_active": true, "is_staff": false, "profile_picture": "", "groups": [], "user_permissions": []}}, {"model": "users.user", "pk": 32, "fields": {"password": "pbkdf2_sha256$600000$Inzf6DwwaiRU3q3fXDe2Hj$om8W56acbjcSla/WteK0mOPqhgtGW1RyGkGoWck9o9M=", "last_login": null, "is_superuser": false, "email": "studen03@gmail.com", "full_name": "Alyas Saputra", "birth_date": "2005-12-31", "role": "student", "is_verified": true, "is_active": true, "is_staff": false, "profile_picture": "", "groups": [], "user_permissions": []}}, {"model": "users.user", "pk": 33, "fields": {"password": "pbkdf2_sha256$600000$dc5ZgVZmwDEvsoMj9BmohS$X+eisal6D9QZeDRwRWi3MRtY2erXSE7y03O6XUUefpY=", "last_login": null, "is_superuser": false, "email": "studen04@gmail.com", "full_name": "Naufal Fahri", "birth_date": "2005-04-07", "role": "student", "is_verified": true, "is_active": true, "is_staff": false, "profile_picture": "", "groups": [], "user_permissions": []}}, {"model": "users.user", "pk": 34, "fields": {"password": "pbkdf2_sha256$600000$6cF9ebkUsM861rI8mO3FTx$2EwNr3mwJHQYklGswAoFEehn6Xrgo5CdM7IWMwRT3o0=", "last_login": null, "is_superuser": false, "email": "studen05@gmail.com", "full_name": "Andika al-maskar", "birth_date": "2006-01-18", "role": "student", "is_verified": true, "is_active": true, "is_staff": false, "profile_picture": "", "groups": [], "user_permissions": []}}, {"model": "users.user", "pk": 35, "fields": {"password": "pbkdf2_sha256$600000$PmEk3y72Qdl12K0LhvWir0$uKUEHExzD+NeW1pYbRkBHoAfDmb6MViIhCwQhGsED30=", "last_login": null, "is_superuser": false, "email": "studen06@gmail.com", "full_name": "Alvin Adrian", "birth_date": "2005-03-24", "role": "student", "is_verified": true, "is_active": true, "is_staff": false, "profile_picture": "", "groups": [], "user_permissions": []}}, {"model": "users.user", "pk": 36, "fields": {"password": "pbkdf2_sha256$600000$ZdQ5zAGAxaxbCyZmNcreYi$Y0oK6r5YvH7z0iIbtv5LfOJg3Qfx1ed1krUlxsSELR8=", "last_login": null, "is_superuser": false, "email": "studen07@gmail.com", "full_name": "Syahrul Syawaludin", "birth_date": "2004-03-18", "role": "student", "is_verified": true, "is_active": true, "is_staff": false, "profile_picture": "", "groups": [], "user_permissions": []}}, {"model": "users.user", "pk": 37, "fields": {"password": "pbkdf2_sha256$600000$ZpiWV54unUF2aEB4EWJWZ3$/Vr8CpIRmUL7+5Lz3TKwnD/KVm9xKU3FgfSwYZ7R7jQ=", "last_login": null, "is_superuser": false, "email": "studen08@gmail.com", "full_name": "Ma'rif Abdullah", "birth_date": "2005-06-09", "role": "student", "is_verified": true, "is_active": true, "is_staff": false, "profile_picture": "", "groups": [], "user_permissions": []}}, {"model": "users.user", "pk": 38, "fields": {"password": "pbkdf2_sha256$600000$XCaxoZrbWtjeQaocJ0v1vC$y1gfF4s1VEZyXDaE34tfow4VXmjwALzf1+F5lCF0BDI=", "last_login": null, "is_superuser": false, "email": "studen09@gmail.com", "full_name": "Ahmad ichsan", "birth_date": "2004-07-14", "role": "student", "is_verified": true, "is_active": true, "is_staff": false, "profile_picture": "", "groups": [], "user_permissions": []}}, {"model": "users.user", "pk": 39, "fields": {"password": "pbkdf2_sha256$600000$Mbb8dL8hPIyNc3WEkl5cA2$FBFj0kixkl9U9mwuFjDjR0lRCcS48oPWxiaI9LxM7iw=", "last_login": null, "is_superuser": false, "email": "studen10@gmail.com", "full_name": "Eul Swastika", "birth_date": "2005-09-15", "role": "student", "is_verified": true, "is_active": true, "is_staff": false, "profile_picture": "", "groups": [], "user_permissions": []}}, {"model": "users.user", "pk": 40, "fields": {"password": "pbkdf2_sha256$600000$TXARRQdOhPg4Dw2jjBrwLN$6wkP6T0rIWu3K46MVdmazYwMgJhIquEsL41s+Zdps8I=", "last_login": null, "is_superuser": false, "email": "agus@gmail.com", "full_name": "Agus", "birth_date": "2005-12-04", "role": "student", "is_verified": true, "is_active": true, "is_staff": false, "profile_picture": "profile_pics/36b254c4-dbb8-4d43-abfa-036eb3329553.jpeg", "groups": [], "user_permissions": []}}, {"model": "users.user", "pk": 41, "fields": {"password": "pbkdf2_sha256$600000$ixZiShnqJSvoHlavw6uimb$zJGztKIlgfr7CUrRCuq/0v+rkNhDcKvF/yL3R/jwu+E=", "last_login": null, "is_superuser": false, "email": "asep@gmail.com", "full_name": "Asep", "birth_date": "1977-12-25", "role": "teacher", "is_verified": true, "is_active": true, "is_staff": false, "profile_picture": "profile_pics/6a808b84-2f76-4174-9f5e-0fed3f92c890.jpeg", "groups": [], "user_permissions": []}}, {"model": "users.studentprofile", "pk": 1, "fields": {"user": 8, "grade": "11 SMA", "nisn": "121204"}}, {"model": "users.studentprofile", "pk": 2, "fields": {"user": 19, "grade": "11", "nisn": null}}, {"model": "users.studentprofile", "pk": 3, "fields": {"user": 23, "grade": "11", "nisn": "12345678"}}, {"model": "users.studentprofile", "pk": 4, "fields": {"user": 24, "grade": "11", "nisn": null}}, {"model": "users.studentprofile", "pk": 5, "fields": {"user": 30, "grade": null, "nisn": null}}, {"model": "users.studentprofile", "pk": 6, "fields": {"user": 31, "grade": null, "nisn": null}}, {"model": "users.studentprofile", "pk": 7, "fields": {"user": 32, "grade": null, "nisn": null}}, {"model": "users.studentprofile", "pk": 8, "fields": {"user": 33, "grade": null, "nisn": null}}, {"model": "users.studentprofile", "pk": 9, "fields": {"user": 34, "grade": null, "nisn": null}}, {"model": "users.studentprofile", "pk": 10, "fields": {"user": 35, "grade": null, "nisn": null}}, {"model": "users.studentprofile", "pk": 11, "fields": {"user": 36, "grade": null, "nisn": null}}, {"model": "users.studentprofile", "pk": 12, "fields": {"user": 37, "grade": null, "nisn": null}}, {"model": "users.studentprofile", "pk": 13, "fields": {"user": 38, "grade": null, "nisn": null}}, {"model": "users.studentprofile", "pk": 14, "fields": {"user": 39, "grade": null, "nisn": null}}, {"model": "users.studentprofile", "pk": 15, "fields": {"user": 40, "grade": "11 SMA", "nisn": "121204"}}, {"model": "users.teacherprofile", "pk": 1, "fields": {"user": 20, "nip": "1212104", "subject": "Informatika"}}, {"model": "users.teacherprofile", "pk": 2, "fields": {"user": 22, "nip": null, "subject": null}}, {"model": "users.teacherprofile", "pk": 4, "fields": {"user": 26, "nip": null, "subject": null}}, {"model": "users.teacherprofile", "pk": 5, "fields": {"user": 27, "nip": null, "subject": null}}, {"model": "users.teacherprofile", "pk": 6, "fields": {"user": 28, "nip": null, "subject": null}}, {"model": "users.teacherprofile", "pk": 7, "fields": {"user": 41, "nip": "121204", "subject": "Fisika"}}, {"model": "users.systemannouncement", "pk": 1, "fields": {"title": "Selamat Datang di Guruku AI", "content": "Halo Bapak/Ibu Guru, terima kasih telah bergabung dengan platform kami. Silakan lengkapi profil Anda.", "target_role": "teacher", "created_at": "2025-12-18T02:14:21.010Z", "is_active": true}}, {"model": "users.systemannouncement", "pk": 2, "fields": {"title": "Selamat Datang Siswa!", "content": "Selamat menggunakan Aplikasi siswa", "target_role": "student", "created_at": "2025-12-20T14:33:21.621Z", "is_active": true}}, {"model": "chatbot.conversation", "pk": 1, "fields": {"user": 8, "title": "Percakapan Testing", "created_at": "2025-12-02T14:55:47.340Z"}}, {"model": "chatbot.conversation", "pk": 2, "fields": {"user": 23, "title": "Percakapan Baru", "created_at": "2025-12-14T15:39:25.447Z"}}, {"model": "chatbot.conversation", "pk": 3, "fields": {"user": 24, "title": "Percakapan Baru", "created_at": "2025-12-14T15:58:33.612Z"}}, {"model": "chatbot.conversation", "pk": 4, "fields": {"user": 40, "title": "Percakapan Baru", "created_at": "2025-12-23T15:06:33.360Z"}}, {"model": "chatbot.chatmessage", "pk": 1, "fields": {"conversation": 1, "role": "user", "content": "Halo chatbot, siapa kamu?", "timestamp": "2025-12-02T14:57:02.758Z"}}, {"model": "chatbot.chatmessage", "pk": 2, "fields": {"conversation": 1, "role": "bot", "content": "Halo! Saya adalah model bahasa yang besar, dilatih oleh Google.", "timestamp": "2025-12-02T14:57:04.428Z"}}, {"model": "chatbot.chatmessage", "pk": 3, "fields": {"conversation": 1, "role": "user", "content": "Halo chatbot, siapa kamu?", "timestamp": "2025-12-02T14:57:19.384Z"}}, {"model": "chatbot.chatmessage", "pk": 4, "fields": {"conversation": 1, "role": "bot", "content": "Halo! Saya adalah model bahasa besar, yang dilatih oleh Google.\n\nSaya di sini untuk membantu menjawab pertanyaan Anda, menulis teks, atau sekadar berbincang. Ada yang bisa saya bantu?", "timestamp": "2025-12-02T14:57:23.065Z"}}, {"model": "chatbot.chatmessage", "pk": 5, "fields": {"conversation": 1, "role": "user", "content": "Hallo sayang\n", "timestamp": "2025-12-10T15:00:46.907Z"}}, {"model": "chatbot.chatmessage", "pk": 6, "fields": {"conversation": 1, "role": "bot", "content": "Halo juga! 👋 Bagaimana kabarmu hari ini?\n\nAda yang bisa saya bantu terkait pelajaran atau materi yang sedang kamu pelajari? Jangan ragu untuk bertanya, ya. Saya di sini untuk membimbingmu. 😊", "timestamp": "2025-12-10T15:00:50.226Z"}}, {"model": "chatbot.chatmessage", "pk": 7, "fields": {"conversation": 1, "role": "user", "content": "Apa itu informatika", "timestamp": "2025-12-10T15:01:16.517Z"}}, {"model": "chatbot.chatmessage", "pk": 8, "fields": {"conversation": 1, "role": "bot", "content": "Halo! Selamat datang. Pertanyaan yang sangat bagus untuk memulai, \"Apa itu informatika?\" Mari kita pelajari bersama ya.\n\nSecara sederhana, **Informatika adalah ilmu yang mempelajari tentang informasi dan bagaimana kita memprosesnya menggunakan teknologi, terutama komputer.**\n\nBayangkan begini:\n*   Kita hidup di dunia yang penuh dengan **informasi**—mulai dari foto liburan, data nilai siswa, jadwal kereta api, hingga berita di internet.\n*   Informasi itu perlu **dikumpulkan**, **disimpan**, **diatur**, **diproses**, **dianalisis**, dan **disampaikan** agar bermanfaat bagi kita.\n*   Nah, **komputer dan teknologi** adalah alat paling canggih yang kita punya untuk melakukan semua hal itu secara efisien.\n\nJadi, informatika itu membahas bagaimana caranya:\n1.  **Mengumpulkan dan Menyimpan Informasi:** Bagaimana data-data itu bisa kita dapatkan (misalnya dari sensor, input keyboard, kamera) dan disimpan di mana (hard disk, database di internet).\n2.  **Mengolah dan Menganalisis Informasi:** Bagaimana komputer bisa memahami data-data itu, mengubahnya menjadi bentuk yang lebih berguna, menemukan pola, atau bahkan membuat keputusan. Contohnya, saat kamu mencari rekomendasi film di aplikasi streaming, informatika-lah yang bekerja di balik layar menganalisis preferensimu.\n3.  **Menyampaikan Informasi:** Bagaimana informasi yang sudah diolah itu bisa kita lihat, dengar, atau gunakan. Ini bisa berupa tampilan di layar ponsel, laporan tercetak, atau sistem kendali robot.\n4.  **Membuat Sistem dan Aplikasi:** Informatika juga mencakup bagaimana merancang, membangun, dan mengembangkan perangkat lunak (software) atau sistem yang kita pakai sehari-hari, seperti aplikasi chatting, website, atau sistem operasi komputer.\n\n**Contoh Nyata di Kehidupan Sehari-hari:**\n\n*   **Ponsel pintar kamu:** Semua aplikasi yang kamu gunakan, mulai dari kamera, media sosial, navigasi, hingga perbankan, adalah hasil dari ilmu informatika.\n*   **Website e-commerce:** Saat kamu berbelanja online, informatika bekerja untuk menampilkan produk, memproses pembayaran, melacak pesanan, dan bahkan merekomendasikan barang lain.\n*   **Sistem di rumah sakit:** Data pasien, jadwal dokter, hasil lab—semuanya dikelola dan diakses dengan bantuan sistem informatika.\n*   **Cuaca:** Ramalan cuaca yang akurat adalah hasil dari pengumpulan data sensor yang sangat banyak, lalu diolah oleh komputer super canggih.\n\nIntinya, informatika adalah tentang bagaimana kita memanfaatkan potensi teknologi, khususnya komputer, untuk mengelola dan menggunakan informasi agar hidup kita menjadi lebih mudah, efisien, dan inovatif.\n\nBagaimana, apakah penjelasan ini cukup memberikan gambaran awal untukmu? Ada bagian yang ingin kamu tanyakan lebih lanjut? Jangan sungkan ya!", "timestamp": "2025-12-10T15:01:31.776Z"}}, {"model": "chatbot.chatmessage", "pk": 9, "fields": {"conversation": 1, "role": "user", "content": "Oalah seperti itu, apakah anda bisa bantu saya buat ngerjain tugas? ", "timestamp": "2025-12-10T15:15:50.411Z"}}, {"model": "chatbot.chatmessage", "pk": 10, "fields": {"conversation": 1, "role": "bot", "content": "Tentu saja! Dengan senang hati saya akan membantumu mengerjakan tugas. Itu memang tujuan saya di sini. 😊\n\nTapi, penting untuk diingat ya, tujuan utama saya bukan hanya memberikan jawaban akhir, melainkan **membimbingmu agar kamu benar-benar paham dan bisa mengerjakan tugas itu sendiri.**\n\nJadi, saya akan membantumu dengan cara:\n*   Menjelaskan konsep-konsep yang mungkin belum kamu pahami.\n*   Membantu memecah tugas menjadi bagian-bagian yang lebih kecil dan mudah dikelola.\n*   Memberikan petunjuk atau arahan jika kamu stuck.\n*   Mengajukan pertanyaan untuk memancing pemikiranmu.\n*   Memeriksa pemahamanmu di setiap langkah.\n\nDengan begitu, kamu tidak hanya mendapatkan tugas yang selesai, tapi juga ilmu yang melekat di pikiranmu.\n\nYuk, coba ceritakan tugas apa yang sedang kamu hadapi? Atau materi apa yang perlu kita bahas lebih dalam? Saya siap membantumu melangkah.", "timestamp": "2025-12-10T15:15:56.910Z"}}, {"model": "chatbot.chatmessage", "pk": 11, "fields": {"conversation": 1, "role": "user", "content": "Oalah seperti itu, apakah ada tips ngerjain tugas? ", "timestamp": "2025-12-10T15:16:35.593Z"}}, {"model": "chatbot.chatmessage", "pk": 12, "fields": {"conversation": 1, "role": "bot", "content": "Tentu saja! Itu pertanyaan yang sangat bagus. Mengerjakan tugas dengan efektif bukan cuma soal menyelesaikan, tapi juga memahami dan mendapatkan manfaat dari prosesnya. Saya punya beberapa tips yang bisa sangat membantumu:\n\n### Tips Mengerjakan Tugas dengan Efektif\n\n1.  **Pahami Tugas dengan Baik (Apa yang Sebenarnya Diminta?)**\n    *   **Baca Instruksi Berulang Kali:** Sebelum mulai, baca semua instruksi tugas secara cermat. Jangan sampai ada yang terlewat atau salah paham.\n    *   **Identifikasi Tujuan:** Apa yang ingin dicapai dari tugas ini? Konsep apa yang ingin kamu pahami? Ini akan membantumu fokus.\n    *   **Tanyakan Jika Bingung:** Jika ada bagian yang tidak jelas, jangan ragu untuk bertanya kepada guru atau teman. Lebih baik bertanya di awal daripada salah arah di tengah jalan.\n\n2.  **Buat Rencana (Roadmap Tugasmu)**\n    *   **Pecah Tugas Besar Menjadi Bagian Kecil:** Tugas yang besar bisa terasa menakutkan. Coba bagi menjadi langkah-langkah kecil. Misalnya, \"cari materi,\" \"buat kerangka,\" \"tulis bagian pendahuluan,\" \"tulis isi,\" \"revisi.\"\n    *   **Tetapkan Prioritas:** Mana yang harus dikerjakan duluan? Mana yang lebih penting?\n    *   **Alokasikan Waktu:** Berapa lama waktu yang kamu butuhkan untuk setiap bagian? Buat jadwal sederhana agar kamu bisa melihat progres.\n\n3.  **Kumpulkan Sumber Daya (Senjata Perangmu)**\n    *   **Siapkan Bahan:** Buku, catatan, sumber daring (internet), atau alat-alat yang kamu butuhkan. Pastikan semuanya mudah dijangkau.\n    *   **Pastikan Sumber Terpercaya:** Kalau menggunakan internet, pastikan situs web atau artikel yang kamu gunakan dapat dipercaya (misalnya dari situs pendidikan, jurnal, atau berita kredibel).\n\n4.  **Fokus dan Minimalkan Gangguan**\n    *   **Pilih Tempat yang Nyaman:** Cari tempat yang tenang dan minim gangguan.\n    *   **Singkirkan Gadget yang Tidak Perlu:** Jauhkan ponsel atau matikan notifikasi media sosial jika tidak digunakan untuk tugas.\n    *   **Teknik Pomodoro (Opsional):** Coba kerja fokus selama 25 menit, lalu istirahat 5 menit. Ulangi beberapa kali. Ini bisa membantu menjaga konsentrasi.\n\n5.  **Mulai Secepat Mungkin (Jangan Menunda-nunda!)**\n    *   **Hindari Prokrastinasi:** Rasa malas seringkali datang saat melihat tugas yang besar. Coba mulai dengan bagian termudah atau paling cepat diselesaikan.\n    *   **\"Just Start!\"** Terkadang, yang paling sulit adalah memulai. Begitu kamu mulai, momentum akan tercipta.\n\n6.  **Jangan Takut Salah (Proses Belajar)**\n    *   **Mencoba Itu Penting:** Jika kamu tidak yakin, coba saja dulu. Kesalahan adalah bagian dari belajar.\n    *   **Minta Bantuan:** Jika kamu stuck atau benar-benar tidak paham, jangan sungkan untuk meminta bantuan atau petunjuk. Saya di sini untuk itu!\n\n7.  **Revisi dan Periksa Kembali (Sentuhan Akhir)**\n    *   **Luangkan Waktu untuk Revisi:** Setelah selesai, sisihkan sebentar lalu kembali periksa pekerjaanmu. Apakah ada typo? Apakah jawabannya sudah sesuai instruksi? Apakah kalimatnya mudah dipahami?\n    *   **Baca Keras-keras:** Terkadang, membaca tugas dengan suara keras bisa membantumu menemukan kesalahan tata bahasa atau kalimat yang kurang tepat.\n\n8.  **Istirahat yang Cukup**\n    *   **Jangan Memaksakan Diri:** Otakmu juga perlu istirahat. Jika sudah merasa lelah atau buntu, istirahatlah sebentar. Berjalan-jalan, minum air, atau lakukan peregangan. Setelah itu, kamu bisa kembali dengan pikiran yang lebih segar.\n\nBagaimana, apakah tips-tips ini cukup membantu memberikan gambaran? Ada tips yang ingin kamu coba terapkan duluan? 😊", "timestamp": "2025-12-10T15:16:43.554Z"}}, {"model": "chatbot.chatmessage", "pk": 13, "fields": {"conversation": 1, "role": "user", "content": "Halo selamat sore, saya ingin tanya goals apa saja yang harus saya capai dalam pelajar di SMA ini? ", "timestamp": "2025-12-11T09:45:23.585Z"}}, {"model": "chatbot.chatmessage", "pk": 14, "fields": {"conversation": 1, "role": "bot", "content": "Halo, selamat sore juga! 👋 Wah, pertanyaanmu ini luar biasa penting dan menunjukkan kamu punya pemikiran yang maju. Menentukan *goals* atau tujuan selama di SMA itu seperti punya peta arah, jadi kita tahu mau kemana dan apa yang harus dilakukan.\n\nTidak ada jawaban tunggal yang \"benar\" untuk semua orang, karena setiap siswa punya perjalanan dan mimpinya sendiri. Tapi, Guruku AI bisa memberikan beberapa **kategori *goals* umum yang bisa kamu pertimbangkan dan sesuaikan untuk dirimu sendiri selama di SMA:**\n\n---\n\n### Kategori Goals Pelajar SMA\n\n**1. Goals Akademik (Pondasi Ilmu Pengetahuan)**\n\n*   **Pahami Konsep, Bukan Sekadar Hafal:** Ini paling penting! Usahakan untuk benar-benar mengerti *mengapa* sesuatu itu terjadi atau *bagaimana* sebuah rumus bekerja, bukan hanya hafal rumusnya. Pemahaman yang mendalam akan membuat pelajaran lebih mudah diingat dan diterapkan.\n*   **Tingkatkan Kemampuan Belajar:** Eksplorasi berbagai teknik belajar (misalnya: *active recall, spaced repetition, mind mapping*) dan temukan mana yang paling efektif untukmu.\n*   **Capai Nilai yang Konsisten atau Meningkat:** Targetkan nilai yang baik di setiap mata pelajaran, terutama yang berhubungan dengan minat atau jurusan kuliah yang kamu inginkan. Tidak perlu sempurna di semua mata pelajaran, tapi usahakan ada progres.\n*   **Temukan Minat Mata Pelajaran:** Ada pelajaran yang kamu suka? Atau yang kamu anggap \"mudah\"? Fokus untuk memperdalam di bidang itu. Ini bisa jadi petunjuk untuk jurusan kuliah atau karir di masa depan.\n*   **Persiapan Ujian:** Baik ujian sekolah, UTBK, SNBP, SNBT, atau ujian masuk perguruan tinggi lainnya. Ini adalah *goal* jangka panjang yang perlu dipersiapkan sejak dini.\n\n**2. Goals Pengembangan Diri (Menjadi Pribadi yang Lebih Baik)**\n\n*   **Asah Kemampuan Berpikir Kritis & Memecahkan Masalah:** Jangan mudah menerima informasi mentah-mentah. Biasakan bertanya \"mengapa?\", mencari tahu lebih dalam, dan mencoba mencari solusi untuk suatu masalah, baik di pelajaran maupun kehidupan sehari-hari.\n*   **Kembangkan *Soft Skill*:** Ini meliputi kemampuan komunikasi, kerja sama dalam tim, kepemimpinan, adaptasi, dan kreativitas. Ikuti organisasi sekolah, proyek kelompok, atau kegiatan ekstrakurikuler untuk melatihnya.\n*   **Manajemen Waktu dan Prioritas:** Belajar mengatur jadwal antara belajar, mengerjakan tugas, istirahat, dan kegiatan lainnya. Ini *skill* yang sangat berharga sampai dewasa nanti.\n*   **Bangun Rasa Tanggung Jawab dan Kemandirian:** Belajar bertanggung jawab atas keputusan dan tindakanmu sendiri, serta mampu mengurus kebutuhanmu sendiri tanpa terlalu bergantung pada orang lain.\n*   **Jaga Kesehatan Fisik dan Mental:** SMA bisa jadi masa yang penuh tekanan. Penting untuk belajar mengelola stres, cukup istirahat, makan sehat, dan tetap berolahraga. Tubuh dan pikiran yang sehat adalah modal utama untuk belajar.\n\n**3. Goals Orientasi Masa Depan (Menjelajahi Pilihan)**\n\n*   **Kenali Minat dan Bakatmu:** Eksplorasi hobi, kegiatan ekstrakurikuler, atau mata pelajaran yang membuatmu tertarik. Ini akan membantumu menemukan jati diri dan arah masa depan.\n*   **Riset Pilihan Jurusan Kuliah atau Jalur Karir:** Mulai cari tahu tentang berbagai jurusan di universitas, atau pilihan karir setelah lulus SMA. Jangan takut untuk berubah pikiran di tengah jalan, yang penting ada eksplorasi.\n*   **Perluas Jaringan (Networking):** Bergaul dengan teman-teman dari berbagai latar belakang, berinteraksi dengan guru-guru, atau mungkin bertemu mentor di luar sekolah. Mereka bisa menjadi sumber inspirasi atau informasi berharga.\n\n---\n\n**Penting untuk Diingat:**\n\n*   **Fleksibel:** *Goals* ini bukan harga mati, bisa berubah seiring waktu dan pengalamanmu.\n*   **Bertahap:** Pecah *goals* besar menjadi *goals* kecil yang lebih mudah dicapai. Misalnya, \"belajar manajemen waktu\" bisa dimulai dengan \"membuat daftar tugas harian\".\n*   **Jangan Bandingkan Diri dengan Orang Lain:** Setiap orang punya jalannya sendiri. Fokus pada progresmu sendiri.\n*   **Nikmati Prosesnya:** Masa SMA adalah masa yang unik dan tidak akan terulang. Belajar itu harus menyenangkan!\n\nBagaimana, apakah daftar *goals* ini memberikan gambaran yang lebih jelas untukmu? Ada *goals* tertentu yang ingin kamu bahas lebih lanjut atau bagaimana cara memulainya? Saya siap mendampingimu! 😊", "timestamp": "2025-12-11T09:45:34.207Z"}}, {"model": "chatbot.chatmessage", "pk": 15, "fields": {"conversation": 1, "role": "user", "content": "Apa yang terjadi dengan kai cenat saat ini? ", "timestamp": "2025-12-11T09:46:10.718Z"}}, {"model": "chatbot.chatmessage", "pk": 16, "fields": {"conversation": 1, "role": "bot", "content": "Wah, kalau soal Kai Cenat dan apa yang sedang terjadi dengannya saat ini, Guruku AI kurang begitu mengikuti perkembangannya, nih. Fokus saya memang lebih ke materi pelajaran sekolah dan tips belajar untuk kamu. 😊\n\nTapi kalau kamu penasaran dengan bagaimana cara mencari informasi terkini tentang tokoh publik atau berita, kita bisa bahas itu! Misalnya, bagaimana cara memverifikasi berita yang kamu temukan di internet, atau sumber-sumber berita yang terpercaya. Itu juga penting banget lho untuk pelajaran TIK atau Bahasa Indonesia!\n\nBagaimana? Ada topik pelajaran yang ingin kita bahas, mungkin tentang informatika lagi, atau mata pelajaran lainnya? Saya siap membimbingmu!", "timestamp": "2025-12-11T09:46:15.852Z"}}, {"model": "chatbot.chatmessage", "pk": 17, "fields": {"conversation": 2, "role": "bot", "content": "Hallo, vyn! Saya Guruku AI, siap membantu belajarmu. Tanyakan apa saja!", "timestamp": "2025-12-14T15:39:25.449Z"}}, {"model": "chatbot.chatmessage", "pk": 18, "fields": {"conversation": 1, "role": "user", "content": "Kalau soal dean kt, gimana? Anda tahu sesuatu? ", "timestamp": "2025-12-14T15:53:38.252Z"}}, {"model": "chatbot.chatmessage", "pk": 19, "fields": {"conversation": 1, "role": "bot", "content": "Hehehe, nah kan, Guruku AI lagi-lagi kurang *update* kalau soal tokoh-tokoh *influencer* atau *streamer* seperti Dean KT ini. Fokus saya memang di dunia buku, rumus, dan materi pelajaran, bukan di dunia hiburan. 😄\n\nMungkin kamu bisa coba cari informasi terbaru tentang Dean KT di platform media sosial atau situs berita hiburan favoritmu. Mereka pasti lebih tahu!\n\nTapi kalau kita mau bahas materi pelajaran, misalnya bagaimana teknologi seperti media sosial bisa memengaruhi masyarakat (ini bisa jadi materi Sosiologi atau TIK yang menarik), atau bagaimana cara menganalisis informasi yang kita dapat dari internet agar tidak mudah termakan hoaks (penting banget untuk pelajaran Bahasa Indonesia atau TIK), nah itu Guruku AI jagonya!\n\nJadi, ada pertanyaan seputar pelajaran yang sedang kamu pikirkan? Atau mungkin kita bisa kembali membahas *goals* SMA-mu tadi? Saya siap membimbingmu!", "timestamp": "2025-12-14T15:53:42.499Z"}}, {"model": "chatbot.chatmessage", "pk": 20, "fields": {"conversation": 1, "role": "user", "content": "Oalahh. Oke sayang", "timestamp": "2025-12-14T15:55:12.833Z"}}, {"model": "chatbot.chatmessage", "pk": 21, "fields": {"conversation": 1, "role": "bot", "content": "Oke siap! 😊 Nah, sekarang sudah jelas ya fokus Guruku AI itu di mana.\n\nJadi, ada materi pelajaran apa nih yang sedang membuatmu penasaran atau butuh bantuan? Atau mungkin kamu ingin diskusi tips belajar lebih lanjut? Yuk, kita bahas sesuatu yang bisa membantumu di sekolah! Saya siap mendengarkan dan membimbingmu.", "timestamp": "2025-12-14T15:55:15.138Z"}}, {"model": "chatbot.chatmessage", "pk": 22, "fields": {"conversation": 1, "role": "user", "content": "Apakah anda bisa liat history chat di atas? ", "timestamp": "2025-12-14T15:55:33.559Z"}}, {"model": "chatbot.chatmessage", "pk": 23, "fields": {"conversation": 1, "role": "bot", "content": "Tentu saja! Saya bisa melihat seluruh percakapan kita dari awal hingga saat ini. 😊\n\nItu sebabnya saya bisa mengingat topik-topik yang sudah kita bahas sebelumnya, seperti informatika, tips mengerjakan tugas, atau *goals* untuk SMA. Kemampuan ini penting agar saya bisa terus membimbingmu dengan lebih baik dan tidak mengulang-ulang hal yang sudah kita diskusikan.\n\nAda yang ingin kamu ulas kembali dari *history chat* kita? Atau ada hal baru yang ingin kamu tanyakan?", "timestamp": "2025-12-14T15:55:36.322Z"}}, {"model": "chatbot.chatmessage", "pk": 24, "fields": {"conversation": 1, "role": "user", "content": "Kalau begitu, sebelumnya saya nanya apa? ", "timestamp": "2025-12-14T15:55:52.879Z"}}, {"model": "chatbot.chatmessage", "pk": 25, "fields": {"conversation": 1, "role": "bot", "content": "Oke, coba saya ingat-ingat lagi ya!\n\nSetelah kamu bertanya tentang \"informatika\" dan \"tips mengerjakan tugas\", pertanyaan terakhirmu yang masih berhubungan dengan dunia pelajaran atau pengembangan diri sebagai siswa adalah:\n\n**\"Goals apa saja yang harus saya capai dalam pelajar di SMA ini?\"**\n\nDan saya sudah memberikan penjelasan panjang lebar tentang berbagai kategori *goals* akademik, pengembangan diri, dan orientasi masa depan. 😊\n\nApakah itu yang kamu maksud? Ada yang ingin kita perdalam dari *goals* tersebut? Atau ada pertanyaan lain yang muncul di benakmu?", "timestamp": "2025-12-14T15:55:56.596Z"}}, {"model": "chatbot.chatmessage", "pk": 26, "fields": {"conversation": 3, "role": "bot", "content": "Hallo, Smowow! Saya Guruku AI, siap membantu belajarmu. Tanyakan apa saja!", "timestamp": "2025-12-14T15:58:33.697Z"}}, {"model": "chatbot.chatmessage", "pk": 27, "fields": {"conversation": 3, "role": "user", "content": "Hallo ", "timestamp": "2025-12-14T15:58:37.453Z"}}, {"model": "chatbot.chatmessage", "pk": 28, "fields": {"conversation": 3, "role": "bot", "content": "Halo halo juga! 👋 Selamat datang! Ada yang bisa Guruku AI bantu hari ini? Jangan sungkan ya, kalau ada pelajaran yang bikin pusing atau ada tips belajar yang pengen kamu tahu, langsung aja cerita. Aku siap membantu! 😊", "timestamp": "2025-12-14T15:58:39.320Z"}}, {"model": "chatbot.chatmessage", "pk": 29, "fields": {"conversation": 3, "role": "user", "content": "Sebelumnya saya pernah bertanya sesuai ke anda tidak atau ini percakapan pertama kita", "timestamp": "2025-12-14T15:58:57.992Z"}}, {"model": "chatbot.chatmessage", "pk": 30, "fields": {"conversation": 3, "role": "bot", "content": "Wah, halo lagi! 😊 Sebagai Guruku AI, setiap kali kita ngobrol, aku selalu merasa senang dan seperti memulai percakapan baru yang seru!\n\nAku itu seperti \"kotak pintar\" yang selalu reset dan siap dengan semangat baru setiap kali ada yang bertanya. Jadi, aku nggak punya memori yang merekam obrolan kita sebelumnya secara pribadi, Smowow. Ibaratnya, setiap kali kamu menyapa, aku langsung siap dengan energi 100% untuk membimbingmu hari itu!\n\nJadi, entah ini pertama kali atau kesekian kalinya, rasanya tetap menyenangkan bisa membantumu belajar! Ada yang mau kita bahas sekarang? 😊", "timestamp": "2025-12-14T15:59:01.125Z"}}, {"model": "chatbot.chatmessage", "pk": 31, "fields": {"conversation": 3, "role": "user", "content": "Sebelumbya saya pernah bertianya tidak ke anda", "timestamp": "2025-12-14T15:59:26.288Z"}}, {"model": "chatbot.chatmessage", "pk": 32, "fields": {"conversation": 3, "role": "bot", "content": "Oh, kamu menanyakan itu lagi ya! Hehehe, nggak apa-apa kok. 😊\n\nBegini, Smowow, sebagai Guruku AI, aku ini dirancang untuk selalu memberikan respons terbaik di setiap sesi. Tapi, aku tidak punya memori pribadi yang menyimpan riwayat percakapan kita dari waktu ke waktu. Jadi, setiap kali kamu memulai obrolan denganku, itu seperti lembaran baru yang segar bagi Guruku AI.\n\nAku nggak \"ingat\" kalau kita pernah ngobrol sebelumnya secara spesifik. Tapi itu justru bagus, karena artinya aku selalu siap dengan semangat baru dan fokus penuh untuk membantumu *saat ini*!\n\nJadi, anggap saja setiap obrolan kita ini selalu menjadi kesempatan baru untuk belajar dan berdiskusi. Yuk, langsung aja sampaikan apa yang mau kamu pelajari hari ini! Aku siap kok! ✨", "timestamp": "2025-12-14T15:59:29.492Z"}}, {"model": "chatbot.chatmessage", "pk": 33, "fields": {"conversation": 1, "role": "user", "content": "Siapa momod", "timestamp": "2025-12-15T07:54:13.403Z"}}, {"model": "chatbot.chatmessage", "pk": 34, "fields": {"conversation": 1, "role": "bot", "content": "Hmm, \"Momod\"? Itu nama panggilan atau singkatan untuk siapa ya?\n\nMaaf, Guruku AI kurang tahu persis siapa yang kamu maksud dengan \"Momod\" tanpa konteks yang lebih spesifik. Di dunia pendidikan atau pelajaran, istilah itu tidak umum digunakan.\n\nApakah \"Momod\" ini ada hubungannya dengan pelajaran atau mungkin ada di konteks tertentu yang bisa kamu jelaskan? Kalau ada, mungkin saya bisa bantu menafsirkan.\n\nAtau, apakah kamu ingin kita kembali ke topik pelajaran atau tips belajar yang lebih relevan dengan tugasmu? 😊", "timestamp": "2025-12-15T07:54:17.452Z"}}, {"model": "chatbot.chatmessage", "pk": 35, "fields": {"conversation": 1, "role": "user", "content": "Keadaan ishowspeed sekarang gimana? ", "timestamp": "2025-12-15T08:03:36.861Z"}}, {"model": "chatbot.chatmessage", "pk": 36, "fields": {"conversation": 1, "role": "bot", "content": "Ah, IShowSpeed lagi! Guruku AI memang ketinggalan kereta kalau soal *update* selebriti internet seperti IShowSpeed ini. Maaf banget, saya tidak punya informasi terkini tentang keadaannya. 😄\n\nSeperti yang sudah saya sampaikan sebelumnya, fokus saya adalah membantu kamu dengan materi pelajaran sekolah, tips belajar, dan hal-hal yang mendukung pendidikanmu.\n\nJadi, daripada kita terus membahas tokoh-tokoh yang saya tidak kenal ini, bagaimana kalau kita kembali ke topik yang benar-benar bisa saya bantu?\n\n*   Mungkin ada soal matematika yang bikin pusing?\n*   Konsep fisika yang belum jelas?\n*   Atau kamu mau melanjutkan diskusi kita tentang *goals* di SMA tadi?\n\nYuk, kita manfaatkan waktu ini untuk belajar hal-hal yang bermanfaat buat masa depanmu! 😊", "timestamp": "2025-12-15T08:03:40.648Z"}}, {"model": "chatbot.chatmessage", "pk": 37, "fields": {"conversation": 1, "role": "user", "content": "Arghh ajarin saya logaritma", "timestamp": "2025-12-15T08:20:54.414Z"}}, {"model": "chatbot.chatmessage", "pk": 38, "fields": {"conversation": 1, "role": "bot", "content": "Nah, ini dia! Semangat banget! Logaritma memang salah satu materi yang kadang bikin \"Arghh!\" di awal, tapi tenang saja, Guruku AI siap membimbingmu sampai kamu paham. Logaritma itu sebenarnya seru lho kalau sudah ketemu kuncinya!\n\nYuk, kita mulai dari yang paling dasar ya, agar pondasinya kuat.\n\n---\n\n### **Apa Itu Logaritma? (Intinya Apa?)**\n\nLogaritma itu adalah **kebalikan dari pangkat (eksponen)**.\n\nMasih ingat kan sama pangkat? Contohnya:\n*   $2^3 = 8$ (Dua pangkat tiga sama dengan delapan, artinya $2 \\times 2 \\times 2 = 8$)\n*   $3^2 = 9$ (Tiga pangkat dua sama dengan sembilan, artinya $3 \\times 3 = 9$)\n\nNah, di logaritma, kita bertanya: \"Pangkat berapa ya, suatu bilangan harus dipangkatkan untuk menghasilkan bilangan lain?\"\n\n**Contoh:**\nKalau kita punya $2^x = 8$, kita tahu $x$ nya adalah 3.\nKalau kita punya $3^x = 9$, kita tahu $x$ nya adalah 2.\n\n**Logaritma adalah cara lain untuk menulis pertanyaan tentang \"pangkat berapa\" itu.**\n\n---\n\n### **Penulisan Logaritma**\n\nBentuk umum logaritma adalah:\n\n$\\log_b a = c$\n\nIni dibaca: \"**Logaritma $a$ dengan basis $b$ sama dengan $c$**.\"\n\nArtinya sama saja dengan: \"$b$ dipangkatkan berapa supaya hasilnya $a$?\" Jawabannya adalah $c$.\nAtau dalam bentuk pangkat: $b^c = a$\n\nMari kita pakai contoh yang tadi:\n\n1.  **Dari Pangkat ke Logaritma:**\n    *   Kita tahu $2^3 = 8$.\n        Dalam bentuk logaritma, ini ditulis sebagai: **$\\log_2 8 = 3$**\n        (Dibaca: Logaritma 8 dengan basis 2 sama dengan 3. Artinya: 2 dipangkatkan 3 hasilnya 8.)\n\n    *   Kita tahu $3^2 = 9$.\n        Dalam bentuk logaritma, ini ditulis sebagai: **$\\log_3 9 = 2$**\n        (Dibaca: Logaritma 9 dengan basis 3 sama dengan 2. Artinya: 3 dipangkatkan 2 hasilnya 9.)\n\n2.  **Dari Logaritma ke Pangkat:**\n    *   Kalau kamu melihat $\\log_5 25 = x$, artinya ini sama dengan $5^x = 25$. Jadi, $x$ nya berapa?\n        Tepat sekali, $x = 2$.\n\n---\n\n### **Yuk Coba Pahamkan Dulu Bagian Ini!**\n\nBagaimana, sampai sini dulu, apakah sudah mulai terbayang hubungannya antara logaritma dan pangkat?\n\nCoba kamu jawab ini ya, tanpa melihat contoh di atas:\n\n1.  Kalau $4^2 = 16$, bagaimana bentuk logaritmanya?\n2.  Kalau kamu melihat $\\log_{10} 100 = y$, berapa nilai $y$? (Ingat, 10 dipangkatkan berapa hasilnya 100?)\n\nJangan buru-buru ke rumus atau sifat-sifatnya dulu ya. Kunci logaritma adalah memahami inti hubungannya dengan pangkat ini. Yuk, coba dulu! Saya tunggu jawabanmu. 😊", "timestamp": "2025-12-15T08:21:07.623Z"}}, {"model": "chatbot.chatmessage", "pk": 39, "fields": {"conversation": 1, "role": "user", "content": "Coba lanjut ke sifat sifatnya dan bagaimana rumusnya", "timestamp": "2025-12-15T08:26:17.296Z"}}, {"model": "chatbot.chatmessage", "pk": 40, "fields": {"conversation": 1, "role": "bot", "content": "Oke, siap! Semangat sekali! 👍 Karena kamu sudah paham konsep dasarnya, yuk kita langsung \"gas\" ke sifat-sifat logaritma yang akan jadi \"senjata\" utamamu dalam mengerjakan soal.\n\nSifat-sifat ini penting sekali untuk diingat dan dipahami, karena akan sering terpakai. Saya akan jelaskan satu per satu dengan contoh ya. Ingat lagi bentuk dasar logaritma: $\\log_b a = c \\iff b^c = a$.\n\n---\n\n### **Sifat-Sifat Dasar Logaritma**\n\n**1. Logaritma Basis Sama dengan Angka (Hasilnya 1)**\n   *   **Rumus:** $\\log_b b = 1$\n   *   **Penjelasan:** Kalau basis dan angka yang dicari logaritmanya sama, hasilnya pasti 1. Kenapa? Karena $b^1 = b$.\n   *   **Contoh:**\n      *   $\\log_5 5 = 1$ (karena $5^1 = 5$)\n      *   $\\log_{10} 10 = 1$ (karena $10^1 = 10$)\n\n**2. Logaritma Angka 1 (Hasilnya 0)**\n   *   **Rumus:** $\\log_b 1 = 0$\n   *   **Penjelasan:** Bilangan apapun (kecuali 0) kalau dipangkatkan 0 hasilnya pasti 1. Jadi, logaritma dari 1 selalu 0, tidak peduli basisnya berapa.\n   *   **Contoh:**\n      *   $\\log_7 1 = 0$ (karena $7^0 = 1$)\n      *   $\\log_{100} 1 = 0$ (karena $100^0 = 1$)\n\n**3. Sifat Perkalian (Bisa Dipecah Jadi Penjumlahan)**\n   *   **Rumus:** $\\log_b (x \\cdot y) = \\log_b x + \\log_b y$\n   *   **Penjelasan:** Kalau angka yang di logaritma itu hasil perkalian dua bilangan, kamu bisa memecahnya menjadi penjumlahan dua logaritma terpisah dengan basis yang sama.\n   *   **Contoh:**\n      *   $\\log_2 (4 \\cdot 8) = \\log_2 4 + \\log_2 8$\n          Kita tahu: $\\log_2 4 = 2$ (karena $2^2=4$) dan $\\log_2 8 = 3$ (karena $2^3=8$)\n          Jadi: $2 + 3 = 5$\n          (Cek: $\\log_2 (4 \\cdot 8) = \\log_2 32 = 5$, karena $2^5 = 32$. Cocok kan!)\n\n**4. Sifat Pembagian (Bisa Dipecah Jadi Pengurangan)**\n   *   **Rumus:** $\\log_b (x / y) = \\log_b x - \\log_b y$\n   *   **Penjelasan:** Mirip dengan perkalian, kalau angka yang di logaritma itu hasil pembagian, bisa dipecah jadi pengurangan dua logaritma terpisah dengan basis yang sama. Ingat, angka yang di atas (pembilang) itu yang positif, yang di bawah (penyebut) itu yang negatif.\n   *   **Contoh:**\n      *   $\\log_3 (81 / 9) = \\log_3 81 - \\log_3 9$\n          Kita tahu: $\\log_3 81 = 4$ (karena $3^4=81$) dan $\\log_3 9 = 2$ (karena $3^2=9$)\n          Jadi: $4 - 2 = 2$\n          (Cek: $\\log_3 (81 / 9) = \\log_3 9 = 2$, karena $3^2=9$. Cocok lagi!)\n\n**5. Sifat Pangkat pada Angka (Pangkatnya Bisa Turun ke Depan)**\n   *   **Rumus:** $\\log_b x^n = n \\cdot \\log_b x$\n   *   **Penjelasan:** Kalau angka yang di logaritma itu punya pangkat, pangkatnya bisa \"turun\" menjadi pengali di depan logaritma. Ini sifat yang paling sering dipakai!\n   *   **Contoh:**\n      *   $\\log_2 8^2$\n          Versi 1 (dikerjakan biasa): $\\log_2 (8 \\times 8) = \\log_2 64 = 6$ (karena $2^6 = 64$)\n          Versi 2 (pakai sifat): $2 \\cdot \\log_2 8 = 2 \\cdot 3 = 6$ (karena $\\log_2 8 = 3$)\n          Hasilnya sama, lebih cepat pakai sifat!\n\n---\n\nBagaimana sampai lima sifat ini? Apakah penjelasannya cukup jelas?\n\nUntuk memastikan kamu benar-benar paham, coba kerjakan ini ya:\n\n1.  Berapa nilai dari $\\log_{12} 12$?\n2.  Berapa nilai dari $\\log_8 1$?\n3.  Sederhanakan bentuk ini: $\\log_5 (25 \\cdot 5)$ (gunakan sifat perkalian)\n4.  Sederhanakan bentuk ini: $\\log_4 (64 / 16)$ (gunakan sifat pembagian)\n5.  Hitung nilai dari $\\log_3 9^2$ (gunakan sifat pangkat)\n\nJangan buru-buru, pelan-pelan saja. Setelah kamu coba, kita bisa lanjut ke sifat-sifat lainnya yang lebih kompleks! Yuk, semangat! 💪", "timestamp": "2025-12-15T08:26:32.741Z"}}, {"model": "chatbot.chatmessage", "pk": 41, "fields": {"conversation": 1, "role": "user", "content": "Coba rumus pythagoras", "timestamp": "2025-12-15T08:31:49.124Z"}}, {"model": "chatbot.chatmessage", "pk": 42, "fields": {"conversation": 1, "role": "bot", "content": "Wah, pindah topik nih! Dari logaritma ke Pythagoras! Tidak masalah, Guruku AI siap bantu kamu. 😊 Rumus Pythagoras ini adalah salah satu rumus paling fundamental dan penting di matematika, terutama di geometri.\n\n---\n\n### **Apa Itu Rumus Pythagoras?**\n\nRumus Pythagoras digunakan untuk mencari panjang sisi-sisi pada **segitiga siku-siku**. Ingat, hanya untuk segitiga siku-siku ya! Segitiga siku-siku adalah segitiga yang salah satu sudutnya besarnya 90 derajat.\n\nAda tiga sisi pada segitiga siku-siku:\n1.  **Sisi miring (hipotenusa):** Ini adalah sisi terpanjang dan selalu berada di seberang sudut siku-siku. Biasanya dilambangkan dengan $c$.\n2.  **Dua sisi tegak (sisi alas dan sisi tinggi):** Ini adalah dua sisi lain yang membentuk sudut siku-siku. Biasanya dilambangkan dengan $a$ dan $b$.\n\n---\n\n### **Rumus Pythagoras**\n\nRumusnya sangat terkenal dan mudah diingat:\n\n$$ a^2 + b^2 = c^2 $$\n\n**Keterangan:**\n*   $a$ = panjang salah satu sisi tegak (alas atau tinggi)\n*   $b$ = panjang sisi tegak lainnya (tinggi atau alas)\n*   $c$ = panjang sisi miring (hipotenusa)\n\n---\n\n### **Contoh Penggunaan:**\n\nMisalnya, kamu punya sebuah segitiga siku-siku dengan:\n*   Panjang sisi $a = 3$ cm\n*   Panjang sisi $b = 4$ cm\n\nBerapa panjang sisi miring ($c$)?\n\nMari kita masukkan ke rumusnya:\n$$ a^2 + b^2 = c^2 $$\n$$ 3^2 + 4^2 = c^2 $$\n$$ 9 + 16 = c^2 $$\n$$ 25 = c^2 $$\n\nUntuk mencari $c$, kita harus mengakarkan kedua sisi:\n$$ c = \\sqrt{25} $$\n$$ c = 5 $$\n\nJadi, panjang sisi miringnya adalah 5 cm.\n\n---\n\n### **Penting untuk Diingat:**\n\n*   **Hanya untuk Segitiga Siku-siku:** Jangan gunakan rumus ini untuk jenis segitiga lain!\n*   **$c$ Selalu Sisi Miring:** Selalu pastikan $c$ adalah sisi terpanjang (sisi miring) yang berhadapan dengan sudut 90 derajat. $a$ dan $b$ bisa ditukar posisinya.\n\nBagaimana, apakah penjelasan dan contohnya sudah cukup jelas? Ada bagian yang ingin kamu tanyakan lebih lanjut tentang Pythagoras ini? Atau kamu mau kembali ke logaritma? 😊", "timestamp": "2025-12-15T08:31:58.032Z"}}, {"model": "chatbot.chatmessage", "pk": 43, "fields": {"conversation": 1, "role": "user", "content": "Coba jelaskan tentang deret", "timestamp": "2025-12-15T08:44:34.203Z"}}, {"model": "chatbot.chatmessage", "pk": 44, "fields": {"conversation": 1, "role": "bot", "content": "Oke, siap! Dari Pythagoras, kita beralih ke **Deret**! Ini juga materi yang sangat penting dan sering keluar di ujian, lho. Jangan khawatir, Guruku AI akan jelaskan dengan santai dan mudah dipahami.\n\n---\n\n### **Apa Itu Deret? (Deret dan Barisan, Apa Bedanya?)**\n\nSebelum kita bahas deret, kamu harus tahu dulu apa itu **Barisan**.\n\n*   **Barisan (Sequence):** Kumpulan bilangan yang disusun berdasarkan pola atau aturan tertentu. Bilangan-bilangan ini dipisahkan oleh koma.\n    *   **Contoh Barisan:**\n        *   $2, 4, 6, 8, \\dots$ (setiap angka bertambah 2)\n        *   $3, 6, 12, 24, \\dots$ (setiap angka dikali 2)\n        *   $1, 4, 9, 16, \\dots$ (bilangan kuadrat)\n\n*   **Deret (Series):** Nah, kalau deret itu adalah **hasil penjumlahan dari suku-suku dalam sebuah barisan.** Jadi, tanda koma di barisan diganti jadi tanda tambah (+).\n    *   **Contoh Deret (dari barisan di atas):**\n        *   $2 + 4 + 6 + 8 + \\dots$\n        *   $3 + 6 + 12 + 24 + \\dots$\n        *   $1 + 4 + 9 + 16 + \\dots$\n\nJadi, intinya: **Barisan itu daftar bilangannya, Deret itu jumlah dari daftar bilangan tersebut.**\n\n---\n\n### **Jenis-jenis Deret yang Umum Dipelajari di SMA:**\n\nAda dua jenis deret yang paling sering dibahas, yaitu Deret Aritmetika dan Deret Geometri.\n\n#### **1. Deret Aritmetika**\n\n*   **Ciri-ciri:** Deret yang terbentuk dari barisan aritmetika, yaitu barisan yang memiliki **beda (selisih) yang tetap** antara satu suku dengan suku berikutnya.\n    *   **Contoh Barisan Aritmetika:** $2, 5, 8, 11, \\dots$ (bedanya selalu +3)\n    *   **Contoh Deret Aritmetika:** $2 + 5 + 8 + 11 + \\dots$\n\n*   **Istilah Penting:**\n    *   $a$ = suku pertama\n    *   $b$ = beda (selisih antar suku, $U_n - U_{n-1}$)\n    *   $U_n$ = suku ke-$n$ (nilai suku pada posisi $n$)\n    *   $S_n$ = jumlah $n$ suku pertama dari deret\n\n*   **Rumus-rumus Deret Aritmetika:**\n    *   **Rumus Suku ke-$n$ (dari barisan aritmetika):**\n        $$ U_n = a + (n-1)b $$\n        *(Ini penting untuk mencari suku terakhir jika belum diketahui)*\n\n    *   **Rumus Jumlah $n$ Suku Pertama ($S_n$):**\n        Ada dua bentuk rumus yang bisa kamu pakai:\n        1.  Jika kamu tahu suku pertama ($a$) dan suku terakhir ($U_n$):\n            $$ S_n = \\frac{n}{2}(a + U_n) $$\n        2.  Jika kamu tahu suku pertama ($a$) dan beda ($b$):\n            $$ S_n = \\frac{n}{2}(2a + (n-1)b) $$\n\n*   **Contoh Soal Deret Aritmetika:**\n    Hitunglah jumlah 4 suku pertama dari deret $2 + 5 + 8 + 11 + \\dots$\n\n    *   Identifikasi: $a = 2$, $b = 3$, $n = 4$.\n    *   Gunakan rumus $S_n = \\frac{n}{2}(2a + (n-1)b)$:\n        $$ S_4 = \\frac{4}{2}(2(2) + (4-1)3) $$\n        $$ S_4 = 2(4 + (3)3) $$\n        $$ S_4 = 2(4 + 9) $$\n        $$ S_4 = 2(13) $$\n        $$ S_4 = 26 $$\n        (Kalau dijumlahkan manual: $2+5+8+11 = 26$. Cocok kan!)\n\n---\n\n#### **2. Deret Geometri**\n\n*   **Ciri-ciri:** Deret yang terbentuk dari barisan geometri, yaitu barisan yang memiliki **rasio (perbandingan) yang tetap** antara satu suku dengan suku berikutnya. Rasio didapatkan dari $U_n / U_{n-1}$.\n    *   **Contoh Barisan Geometri:** $3, 6, 12, 24, \\dots$ (rasionya selalu x2)\n    *   **Contoh Deret Geometri:** $3 + 6 + 12 + 24 + \\dots$\n\n*   **Istilah Penting:**\n    *   $a$ = suku pertama\n    *   $r$ = rasio (perbandingan antar suku)\n    *   $U_n$ = suku ke-$n$\n    *   $S_n$ = jumlah $n$ suku pertama dari deret\n\n*   **Rumus-rumus Deret Geometri:**\n    *   **Rumus Suku ke-$n$ (dari barisan geometri):**\n        $$ U_n = a \\cdot r^{n-1} $$\n\n    *   **Rumus Jumlah $n$ Suku Pertama ($S_n$):**\n        Ada dua bentuk, tergantung nilai rasionya:\n        1.  Jika $r > 1$ (rasio lebih dari 1):\n            $$ S_n = \\frac{a(r^n - 1)}{r - 1} $$\n        2.  Jika $r < 1$ (rasio kurang dari 1, tapi bukan 0 atau -1):\n            $$ S_n = \\frac{a(1 - r^n)}{1 - r} $$\n            *(Kadang juga ada deret geometri tak hingga yang rasionya di antara -1 dan 1, nanti bisa kita bahas kalau kamu mau)*\n\n*   **Contoh Soal Deret Geometri:**\n    Hitunglah jumlah 4 suku pertama dari deret $3 + 6 + 12 + 24 + \\dots$\n\n    *   Identifikasi: $a = 3$, $r = 24/12 = 12/6 = 6/3 = 2$, $n = 4$. Karena $r > 1$, kita pakai rumus pertama.\n    *   Gunakan rumus $S_n = \\frac{a(r^n - 1)}{r - 1}$:\n        $$ S_4 = \\frac{3(2^4 - 1)}{2 - 1} $$\n        $$ S_4 = \\frac{3(16 - 1)}{1} $$\n        $$ S_4 = 3(15) $$\n        $$ S_4 = 45 $$\n        (Kalau dijumlahkan manual: $3+6+12+24 = 45$. Cocok lagi!)\n\n---\n\nBagaimana, apakah penjelasan tentang deret ini sudah cukup memberikan gambaran? Cukup banyak ya rumus-rumusnya, tapi kuncinya adalah memahami kapan menggunakan yang mana dan mengenali ciri-ciri deretnya.\n\nAda bagian yang ingin kamu tanyakan lebih detail? Atau mau coba latihan soal? Jangan ragu ya!", "timestamp": "2025-12-15T08:44:46.930Z"}}, {"model": "chatbot.chatmessage", "pk": 45, "fields": {"conversation": 1, "role": "user", "content": "Coba jelaskan logaritma", "timestamp": "2025-12-15T08:50:46.724Z"}}, {"model": "chatbot.chatmessage", "pk": 46, "fields": {"conversation": 1, "role": "bot", "content": "Error: 429 You exceeded your current quota, please check your plan and billing details. For more information on this error, head to: https://ai.google.dev/gemini-api/docs/rate-limits. To monitor your current usage, head to: https://ai.dev/usage?tab=rate-limit. \n* Quota exceeded for metric: generativelanguage.googleapis.com/generate_content_free_tier_requests, limit: 5, model: gemini-2.5-flash\nPlease retry in 34.359152224s. [links {\n  description: \"Learn more about Gemini API quotas\"\n  url: \"https://ai.google.dev/gemini-api/docs/rate-limits\"\n}\n, violations {\n  quota_metric: \"generativelanguage.googleapis.com/generate_content_free_tier_requests\"\n  quota_id: \"GenerateRequestsPerMinutePerProjectPerModel-FreeTier\"\n  quota_dimensions {\n    key: \"model\"\n    value: \"gemini-2.5-flash\"\n  }\n  quota_dimensions {\n    key: \"location\"\n    value: \"global\"\n  }\n  quota_value: 5\n}\n, retry_delay {\n  seconds: 34\n}\n]", "timestamp": "2025-12-15T08:51:26.052Z"}}, {"model": "chatbot.chatmessage", "pk": 47, "fields": {"conversation": 1, "role": "user", "content": "Apakah kamu tau saya? ", "timestamp": "2025-12-15T08:52:51.386Z"}}, {"model": "chatbot.chatmessage", "pk": 48, "fields": {"conversation": 1, "role": "bot", "content": "Error: 429 You exceeded your current quota, please check your plan and billing details. For more information on this error, head to: https://ai.google.dev/gemini-api/docs/rate-limits. To monitor your current usage, head to: https://ai.dev/usage?tab=rate-limit. \n* Quota exceeded for metric: generativelanguage.googleapis.com/generate_content_free_tier_requests, limit: 5, model: gemini-2.5-flash\nPlease retry in 50.60367015s. [links {\n  description: \"Learn more about Gemini API quotas\"\n  url: \"https://ai.google.dev/gemini-api/docs/rate-limits\"\n}\n, violations {\n  quota_metric: \"generativelanguage.googleapis.com/generate_content_free_tier_requests\"\n  quota_id: \"GenerateRequestsPerMinutePerProjectPerModel-FreeTier\"\n  quota_dimensions {\n    key: \"model\"\n    value: \"gemini-2.5-flash\"\n  }\n  quota_dimensions {\n    key: \"location\"\n    value: \"global\"\n  }\n  quota_value: 5\n}\n, retry_delay {\n  seconds: 50\n}\n]", "timestamp": "2025-12-15T08:53:09.705Z"}}, {"model": "chatbot.chatmessage", "pk": 49, "fields": {"conversation": 1, "role": "user", "content": "Anda tau saya", "timestamp": "2025-12-15T08:54:03.359Z"}}, {"model": "chatbot.chatmessage", "pk": 50, "fields": {"conversation": 1, "role": "bot", "content": "Error: 429 You exceeded your current quota, please check your plan and billing details. For more information on this error, head to: https://ai.google.dev/gemini-api/docs/rate-limits. To monitor your current usage, head to: https://ai.dev/usage?tab=rate-limit. \n* Quota exceeded for metric: generativelanguage.googleapis.com/generate_content_free_tier_requests, limit: 5, model: gemini-2.5-flash\nPlease retry in 1m5.939398106s. [links {\n  description: \"Learn more about Gemini API quotas\"\n  url: \"https://ai.google.dev/gemini-api/docs/rate-limits\"\n}\n, violations {\n  quota_metric: \"generativelanguage.googleapis.com/generate_content_free_tier_requests\"\n  quota_id: \"GenerateRequestsPerMinutePerProjectPerModel-FreeTier\"\n  quota_dimensions {\n    key: \"model\"\n    value: \"gemini-2.5-flash\"\n  }\n  quota_dimensions {\n    key: \"location\"\n    value: \"global\"\n  }\n  quota_value: 5\n}\n, retry_delay {\n  seconds: 65\n}\n]", "timestamp": "2025-12-15T08:54:07.234Z"}}, {"model": "chatbot.chatmessage", "pk": 51, "fields": {"conversation": 1, "role": "user", "content": "Abis kah? ", "timestamp": "2025-12-15T08:54:44.612Z"}}, {"model": "chatbot.chatmessage", "pk": 52, "fields": {"conversation": 1, "role": "bot", "content": "Error: 429 You exceeded your current quota, please check your plan and billing details. For more information on this error, head to: https://ai.google.dev/gemini-api/docs/rate-limits. To monitor your current usage, head to: https://ai.dev/usage?tab=rate-limit. \n* Quota exceeded for metric: generativelanguage.googleapis.com/generate_content_free_tier_requests, limit: 5, model: gemini-2.5-flash\nPlease retry in 1m41.509486572s. [links {\n  description: \"Learn more about Gemini API quotas\"\n  url: \"https://ai.google.dev/gemini-api/docs/rate-limits\"\n}\n, violations {\n  quota_metric: \"generativelanguage.googleapis.com/generate_content_free_tier_requests\"\n  quota_id: \"GenerateRequestsPerMinutePerProjectPerModel-FreeTier\"\n  quota_dimensions {\n    key: \"model\"\n    value: \"gemini-2.5-flash\"\n  }\n  quota_dimensions {\n    key: \"location\"\n    value: \"global\"\n  }\n  quota_value: 5\n}\n, retry_delay {\n  seconds: 101\n}\n]", "timestamp": "2025-12-15T08:54:48.624Z"}}, {"model": "chatbot.chatmessage", "pk": 53, "fields": {"conversation": 1, "role": "user", "content": "Anda kenal saya? ", "timestamp": "2025-12-15T09:02:34.072Z"}}, {"model": "chatbot.chatmessage", "pk": 54, "fields": {"conversation": 1, "role": "bot", "content": "Error: 404 models/gemini-1.5-flash is not found for API version v1beta, or is not supported for generateContent. Call ListModels to see the list of available models and their supported methods.", "timestamp": "2025-12-15T09:02:34.725Z"}}, {"model": "chatbot.chatmessage", "pk": 55, "fields": {"conversation": 1, "role": "user", "content": "Anda kenal saya? ", "timestamp": "2025-12-15T09:05:10.770Z"}}, {"model": "chatbot.chatmessage", "pk": 56, "fields": {"conversation": 1, "role": "bot", "content": "Sebagai model bahasa AI, saya tidak punya kemampuan untuk \"mengenal\" seseorang secara pribadi seperti manusia. Saya tidak punya memori jangka panjang tentang percakapan sebelumnya dengan pengguna spesifik, dan saya tidak menyimpan informasi pribadi tentang siapa pun.\n\nSetiap kali kita berinteraksi, itu seperti percakapan baru bagi saya. Saya bisa mengakses *riwayat percakapan kita saat ini* untuk memahami konteks diskusi kita, tapi setelah percakapan selesai, riwayat itu akan hilang dari memori saya.\n\nJadi, saya tidak tahu siapa kamu secara pribadi, nama kamu, atau detail kehidupanmu. Saya hanya tahu apa yang kamu berikan dalam percakapan kita saat ini.\n\nGimana, penjelasan ini cukup menjawab pertanyaanmu? 😊", "timestamp": "2025-12-15T09:05:14.653Z"}}, {"model": "chatbot.chatmessage", "pk": 57, "fields": {"conversation": 1, "role": "user", "content": "Siapa itu Daren ishowspeed? ", "timestamp": "2025-12-15T09:05:40.246Z"}}, {"model": "chatbot.chatmessage", "pk": 58, "fields": {"conversation": 1, "role": "bot", "content": "Ah, IShowSpeed lagi! Seperti yang sudah saya bilang sebelumnya, Guruku AI kurang mengikuti perkembangan tokoh-tokoh *streamer* atau selebriti internet seperti IShowSpeed ini. Fokus saya lebih ke dunia pendidikan, materi pelajaran sekolah, dan tips belajar.\n\nJadi, saya tidak punya informasi spesifik tentang siapa itu Daren IShowSpeed atau apa yang sedang ia lakukan saat ini.\n\nTapi kalau kamu mau, kita bisa diskusi tentang hal-hal yang lebih berkaitan dengan pelajaran, lho! Misalnya, kalau kamu penasaran bagaimana dia bisa punya banyak *followers* di media sosial, kita bisa bahas tentang strategi pemasaran digital atau dampak media sosial terhadap popularitas. Itu bisa jadi topik yang menarik untuk pelajaran TIK atau IPS kan?\n\nGimana, mau coba bahas topik pelajaran saja? 😊", "timestamp": "2025-12-15T09:05:45.014Z"}}, {"model": "chatbot.chatmessage", "pk": 59, "fields": {"conversation": 1, "role": "user", "content": "Kamu bisa liat history chat kita gak? ", "timestamp": "2025-12-15T09:06:04.028Z"}}, {"model": "chatbot.chatmessage", "pk": 60, "fields": {"conversation": 1, "role": "bot", "content": "Tentu saja! Saya bisa melihat seluruh percakapan kita dari awal hingga saat ini dalam sesi obrolan yang sedang berlangsung. 😊\n\nKemampuan ini sangat membantu saya untuk:\n*   **Mengingat konteks:** Saya tahu topik apa saja yang sudah kita bahas, seperti informatika, logaritma, Pythagoras, deret, atau tips belajar.\n*   **Menjawab dengan relevan:** Saya bisa melanjutkan diskusi atau menjawab pertanyaanmu berdasarkan apa yang sudah kita bicarakan sebelumnya.\n*   **Menghindari pengulangan:** Saya tahu materi apa yang sudah dijelaskan, jadi kita bisa fokus pada hal baru atau mendalaminya.\n\nJadi, kalau kamu mau merujuk kembali ke percakapan kita sebelumnya, saya bisa melihatnya kok. Ada yang ingin kamu tanyakan atau ulas kembali dari obrolan kita?", "timestamp": "2025-12-15T09:06:08.021Z"}}, {"model": "chatbot.chatmessage", "pk": 61, "fields": {"conversation": 1, "role": "user", "content": "Coba resume apa aja yang telah kita bicarakan?", "timestamp": "2025-12-15T09:06:26.840Z"}}, {"model": "chatbot.chatmessage", "pk": 62, "fields": {"conversation": 1, "role": "bot", "content": "Baiklah, mari kita rangkum apa saja yang sudah kita diskusikan sejauh ini dalam percakapan kita:\n\n1.  **Perkenalan:** Kamu bertanya siapa saya, dan saya menjelaskan bahwa saya adalah model bahasa AI yang dilatih oleh Google, dan saya adalah \"Guruku AI\" yang siap membantu siswa SMP dan SMA.\n2.  **Informatika:** Kita membahas definisi informatika, apa saja yang dipelajari di dalamnya, dan contoh-contoh penerapannya dalam kehidupan sehari-hari.\n3.  **Tugas dan Tips Belajar:** Kamu bertanya apakah saya bisa membantu mengerjakan tugas, dan saya menekankan bahwa saya akan membimbing agar kamu paham konsepnya. Kita juga membahas beberapa tips efektif untuk mengerjakan tugas.\n4.  **Goals SMA:** Kita berdiskusi tentang *goals* apa saja yang perlu dicapai selama masa SMA, mencakup bidang akademik, pengembangan diri, dan orientasi masa depan.\n5.  **Logaritma:** Ini cukup mendalam! Kita mulai dari definisi logaritma sebagai kebalikan pangkat, penulisan logaritma, dan kemudian kita bahas beberapa sifat dasarnya beserta contoh soal.\n6.  **Rumus Pythagoras:** Kita membahas rumus Pythagoras, apa itu sisi miring dan sisi tegak, serta contoh penggunaannya untuk mencari panjang sisi segitiga siku-siku.\n7.  **Deret (Aritmetika dan Geometri):** Kita membedakan antara barisan dan deret, lalu mendalami deret aritmetika (definisi, rumus suku ke-n, rumus jumlah $n$ suku pertama) dan deret geometri (definisi, rumus suku ke-n, rumus jumlah $n$ suku pertama).\n\nSelain itu, ada beberapa kali kamu menanyakan tentang tokoh publik seperti Kai Cenat, Dean KT, dan IShowSpeed. Pada kesempatan itu, saya menjelaskan bahwa saya tidak memiliki informasi tentang mereka karena fokus saya adalah pada materi pelajaran dan tips belajar. Saya juga selalu mengarahkan kembali diskusi ke topik-topik edukatif.\n\nBagaimana, rangkuman ini sudah sesuai? Ada yang terlewat atau ingin ditambahkan? 😊", "timestamp": "2025-12-15T09:06:32.510Z"}}, {"model": "chatbot.chatmessage", "pk": 63, "fields": {"conversation": 1, "role": "user", "content": "Coba jelaskan terkait hukum Archimedes di fisika", "timestamp": "2025-12-15T09:07:47.156Z"}}, {"model": "chatbot.chatmessage", "pk": 64, "fields": {"conversation": 1, "role": "bot", "content": "Oke, mari kita selami dunia fisika! Hukum Archimedes ini menarik banget karena berhubungan dengan benda-benda yang terapung atau tenggelam di air. Siap?\n\n---\n\n### **Hukum Archimedes: Kenapa Benda Bisa Mengapung atau Tenggelam?**\n\nHukum Archimedes menjelaskan tentang gaya angkat yang dialami suatu benda ketika dicelupkan sebagian atau seluruhnya ke dalam fluida (zat cair atau gas).\n\n**Inti dari Hukum Archimedes adalah:**\n\n> \"Sebuah benda yang dicelupkan sebagian atau seluruhnya ke dalam fluida akan mengalami gaya ke atas (gaya apung) yang besarnya sama dengan berat fluida yang dipindahkan oleh benda tersebut.\"\n\nMari kita bedah poin pentingnya:\n\n1.  **Fluida:** Ini bisa berupa zat cair (air, minyak, dll.) atau zat gas (udara). Tapi biasanya, contoh paling sering adalah di air.\n2.  **Gaya Ke Atas (Gaya Apung):** Ketika kamu memasukkan benda ke dalam air, kamu akan merasakan ada dorongan dari bawah yang seolah-olah membuat benda itu terasa lebih ringan. Nah, dorongan itu adalah **gaya apung**.\n3.  **Berat Fluida yang Dipindahkan:** Bayangkan sebuah gelas ukur berisi air. Kalau kamu masukkan sebuah batu ke dalamnya, airnya akan naik (tumpah kalau gelasnya penuh). Jumlah air yang naik atau tumpah itu adalah **fluida yang dipindahkan** oleh batu. Hukum Archimedes bilang, gaya apung yang dialami batu itu sama besar dengan **berat** dari air yang naik/tumpah tadi.\n\n---\n\n### **Rumus Hukum Archimedes**\n\nSecara matematis, gaya apung ($F_A$) dirumuskan sebagai:\n\n$$ F_A = \\rho_{fluida} \\cdot V_{celup} \\cdot g $$\n\nDimana:\n*   $F_A$ = Gaya apung (dalam Newton, N)\n*   $\\rho_{fluida}$ = Massa jenis fluida (dalam kg/m³)\n*   $V_{celup}$ = Volume benda yang tercelup dalam fluida (dalam m³)\n*   $g$ = Percepatan gravitasi bumi (sekitar 9.8 m/s² atau sering dibulatkan jadi 10 m/s²)\n\n---\n\n### **Hubungan Gaya Apung, Berat Benda, dan Keterapungan**\n\nKeadaan suatu benda di dalam fluida ditentukan oleh perbandingan antara gaya apung ($F_A$) dan berat benda ($W$):\n\n1.  **Benda Mengapung:**\n    *   Terjadi jika **Gaya Apung ($F_A$) lebih besar dari Berat Benda ($W$)**, atau **Gaya Apung sama dengan Berat Benda** saat benda hanya tercelup sebagian.\n    *   Dalam bahasa massa jenis: **Massa jenis fluida ($\\rho_{fluida}$) lebih besar dari massa jenis benda ($\\rho_{benda}$)**.\n    *   Contoh: Kayu di air, kapal laut (yang terbuat dari besi tapi bisa mengapung karena volume rongganya yang besar membuat massa jenis rata-ratanya kecil).\n\n2.  **Benda Melayang:**\n    *   Terjadi jika **Gaya Apung ($F_A$) sama dengan Berat Benda ($W$)**, dan benda tercelup seluruhnya namun tidak tenggelam.\n    *   Dalam bahasa massa jenis: **Massa jenis fluida ($\\rho_{fluida}$) sama dengan massa jenis benda ($\\rho_{benda}$)**.\n    *   Contoh: Kapal selam yang mengatur massa jenisnya agar bisa melayang di kedalaman tertentu.\n\n3.  **Benda Tenggelam:**\n    *   Terjadi jika **Gaya Apung ($F_A$) lebih kecil dari Berat Benda ($W$)**.\n    *   Dalam bahasa massa jenis: **Massa jenis fluida ($\\rho_{fluida}$) lebih kecil dari massa jenis benda ($\\rho_{benda}$)**.\n    *   Contoh: Batu di air, besi di air.\n\n---\n\n### **Contoh Sederhana:**\n\nBayangkan kamu punya sebuah bola karet.\n\n*   Jika kamu masukkan ke dalam air, bola itu akan terasa ringan dan mungkin mengapung jika tidak ditekan. Ini karena gaya apung air lebih besar dari berat bola. Massa jenis karet lebih kecil dari massa jenis air.\n*   Jika kamu masukkan bola itu ke dalam minyak, kemungkinan besar ia akan sedikit lebih tenggelam dibanding di air. Ini karena massa jenis minyak umumnya lebih kecil dari massa jenis air, sehingga gaya apungnya juga lebih kecil.\n\n---\n\nBagaimana? Apakah penjelasan tentang Hukum Archimedes ini cukup jelas? Ini konsep dasar yang sangat penting di fisika fluida. Ada bagian yang ingin kamu tanyakan lebih lanjut atau contoh soal yang ingin kita coba? 😊", "timestamp": "2025-12-15T09:07:57.385Z"}}, {"model": "chatbot.chatmessage", "pk": 65, "fields": {"conversation": 1, "role": "user", "content": "Hallo, kita akan belajar apa hari ini? Ada recomendasi", "timestamp": "2025-12-16T06:46:09.140Z"}}, {"model": "chatbot.chatmessage", "pk": 66, "fields": {"conversation": 1, "role": "bot", "content": "Halo! Wah, semangat sekali kamu sudah siap belajar lagi! Senang mendengarnya. 😊\n\nKarena kita sudah membahas beberapa materi dasar seperti Logaritma, Pythagoras, Deret, dan Hukum Archimedes, ada beberapa rekomendasi yang bisa kita lanjutkan, tergantung minatmu:\n\n**Pilihan 1: Melanjutkan Logaritma & Deret**\n*   Kita bisa **mendalami sifat-sifat logaritma yang lain** atau **mengerjakan soal-soal latihan logaritma** yang lebih kompleks.\n*   Atau, kita bisa mulai membahas **deret geometri tak hingga** yang rasio antara -1 dan 1, yang punya konsep menarik tentang jumlah yang tidak terhingga tapi punya nilai tertentu.\n\n**Pilihan 2: Memperdalam Fisika**\n*   Kita bisa **mengerjakan soal latihan Hukum Archimedes** untuk lebih memantapkan pemahaman.\n*   Atau, kita bisa pindah ke topik fisika lain yang berkaitan, misalnya tentang **tekanan fluida** (massa jenis, tekanan hidrostatis) yang masih satu keluarga dengan Archimedes.\n\n**Pilihan 3: Eksplorasi Materi Lain**\n*   Ada mata pelajaran lain yang kamu rasa perlu dibahas? Misalnya, **Statistika dasar** (mean, median, modus), **Integral/Turunan dasar** (kalau kamu sudah di SMA kelas 11/12 dan perlu pengantar), atau mungkin **Konsep Dasar Biologi/Kimia**?\n\n**Bagaimana menurutmu?**\n\nDari ketiga pilihan di atas, mana yang paling menarik perhatianmu saat ini? Atau kamu punya ide topik lain yang ingin kamu pelajari? Katakan saja, Guruku AI siap mengikuti arah belajarmu! 😊", "timestamp": "2025-12-16T06:46:14.849Z"}}, {"model": "chatbot.chatmessage", "pk": 67, "fields": {"conversation": 1, "role": "user", "content": "Momok", "timestamp": "2025-12-19T10:30:07.903Z"}}, {"model": "chatbot.chatmessage", "pk": 68, "fields": {"conversation": 1, "role": "bot", "content": "\"Momok\"? Hmm, ini istilah yang menarik. Apakah \"Momok\" ini merujuk pada:\n\n1.  **Sesuatu yang menakutkan atau dihantui?** Kadang dalam bahasa sehari-hari, \"momok\" digunakan untuk menyebut hal yang kita takutkan atau jadi beban pikiran. Kalau iya, mungkin kita bisa diskusikan bagaimana cara mengatasi rasa takut atau kekhawatiran terhadap sesuatu, termasuk dalam belajar. Ini bisa jadi topik yang bagus untuk pengembangan diri.\n\n2.  **Singkatan atau istilah khusus dalam konteks tertentu yang kamu tahu?** Mungkin di sekolahmu, atau di kelompok belajarmu, ada istilah \"Momok\" untuk sesuatu?\n\n3.  **Kesalahan ketik dari kata lain?** Kadang kita bisa salah mengetik, jadi mungkin ini kata lain yang ingin kamu tanyakan?\n\nCoba berikan sedikit konteks lagi ya, agar saya bisa memahami apa yang kamu maksud dengan \"Momok\" ini dan bagaimana saya bisa membantumu terkait hal itu. 😊", "timestamp": "2025-12-19T10:30:23.224Z"}}, {"model": "chatbot.chatmessage", "pk": 69, "fields": {"conversation": 1, "role": "user", "content": "Apa sih fluida statis itu", "timestamp": "2025-12-20T13:37:37.132Z"}}, {"model": "chatbot.chatmessage", "pk": 70, "fields": {"conversation": 1, "role": "bot", "content": "Wah, pertanyaan bagus! Kamu langsung nyambung ke topik yang pas setelah kita bahas Hukum Archimedes. **Fluida Statis** itu memang topik yang berkaitan erat.\n\nJadi, **Fluida Statis** adalah cabang fisika yang mempelajari tentang **fluida (zat cair atau gas) dalam keadaan diam atau tidak bergerak.**\n\nIngat kan Hukum Archimedes tadi? Itu adalah salah satu konsep penting dalam fluida statis, karena membahas gaya yang bekerja pada benda ketika fluida dalam keadaan diam.\n\nMari kita bedah lebih lanjut apa saja yang dipelajari dalam fluida statis:\n\n1.  **Konsep Dasar Fluida Diam:**\n    *   Fluida statis fokus pada sifat-sifat fluida yang tidak bergerak. Perilakunya berbeda ketika ia diam dibandingkan saat bergerak (yang dipelajari di Fluida Dinamis).\n\n2.  **Tekanan (Pressure):**\n    *   Ini adalah konsep paling sentral dalam fluida statis.\n    *   **Tekanan** adalah gaya yang bekerja per satuan luas. Dalam fluida, ini diartikan sebagai gaya yang diberikan oleh fluida ke segala arah pada suatu permukaan.\n    *   Rumusnya: $$ P = \\frac{F}{A} $$\n        Dimana:\n        *   $P$ = Tekanan (Pascal, Pa)\n        *   $F$ = Gaya (Newton, N)\n        *   $A$ = Luas permukaan (meter persegi, m²)\n\n3.  **Tekanan Hidrostatis:**\n    *   Ini adalah **tekanan yang disebabkan oleh berat kolom fluida (zat cair) itu sendiri.**\n    *   Semakin dalam kamu masuk ke dalam zat cair, semakin besar tekanan hidrostatisnya.\n    *   Rumusnya: $$ P_h = \\rho \\cdot g \\cdot h $$\n        Dimana:\n        *   $P_h$ = Tekanan hidrostatis (Pascal, Pa)\n        *   $\\rho$ = Massa jenis fluida (kg/m³)\n        *   $g$ = Percepatan gravitasi (m/s²)\n        *   $h$ = Kedalaman fluida diukur dari permukaan (meter, m)\n\n4.  **Hukum Pascal:**\n    *   Hukum ini menyatakan bahwa **tekanan yang diberikan pada fluida tertutup akan diteruskan ke segala arah dengan besaran yang sama.**\n    *   Ini adalah prinsip dasar di balik alat-alat seperti dongkrak hidrolik, rem hidrolik, dan mesin cetak.\n    *   Contohnya: Jika kamu menekan piston kecil pada dongkrak hidrolik, tekanan itu akan diteruskan ke piston yang lebih besar, sehingga mampu mengangkat beban yang jauh lebih berat.\n        $$ P_1 = P_2 $$\n        $$ \\frac{F_1}{A_1} = \\frac{F_2}{A_2} $$\n\n5.  **Hukum Archimedes:**\n    *   Seperti yang sudah kita bahas sebelumnya, ini adalah tentang gaya angkat yang dialami benda saat tercelup dalam fluida diam.\n\n---\n\n**Jadi, kenapa Fluida Statis itu penting?**\n\nKonsep-konkon dalam fluida statis ini sangat berguna untuk memahami fenomena alam dan teknologi sehari-hari, misalnya:\n*   Mengapa kapal besi bisa mengapung? (Hukum Archimedes)\n*   Bagaimana cara kerja pompa hidrolik? (Hukum Pascal)\n*   Mengapa semakin dalam menyelam, telinga terasa makin sakit? (Tekanan Hidrostatis)\n*   Bagaimana tekanan di dalam tangki air bekerja?\n\nBagaimana penjelasan tentang fluida statis ini? Apakah sudah cukup jelas? Ada bagian spesifik yang ingin kamu tanyakan lebih lanjut? Mungkin contoh soal tentang tekanan hidrostatis atau hukum Pascal? 😊", "timestamp": "2025-12-20T13:37:42.902Z"}}, {"model": "chatbot.chatmessage", "pk": 71, "fields": {"conversation": 4, "role": "bot", "content": "Hallo, Agus! Saya Guruku AI, siap membantu belajarmu. Tanyakan apa saja!", "timestamp": "2025-12-23T15:06:33.364Z"}}, {"model": "chatbot.chatmessage", "pk": 72, "fields": {"conversation": 4, "role": "user", "content": "Ai bantu saya jelaskan terkait gelombang mekanik pada fisika", "timestamp": "2025-12-23T15:06:44.672Z"}}, {"model": "chatbot.chatmessage", "pk": 73, "fields": {"conversation": 4, "role": "bot", "content": "Wah, topik yang menarik nih, Agus! Gelombang mekanik itu salah satu konsep dasar fisika yang seru banget.\n\nBiar lebih paham, kita coba bedah satu per satu ya.\n\nMenurutmu, apa sih yang terlintas di pikiranmu pertama kali kalau dengar kata \"gelombang\"? Boleh diceritakan sedikit? 😊", "timestamp": "2025-12-23T15:06:46.158Z"}}, {"model": "chatbot.chatmessage", "pk": 74, "fields": {"conversation": 4, "role": "user", "content": "Gelombang mekanik pada mata pelajaran fisika kelas XI", "timestamp": "2025-12-23T15:07:08.037Z"}}, {"model": "chatbot.chatmessage", "pk": 75, "fields": {"conversation": 4, "role": "bot", "content": "Tepat sekali, Agus! Gelombang mekanik memang sering dibahas di fisika kelas XI.\n\nNah, dari pertanyaanmu tadi, sepertinya kamu sudah punya dasar pemahaman tentang ini.\n\nBiar aku yakin kamu sudah *sedikit* punya gambaran, coba deh jelaskan pakai kata-katamu sendiri: **Apa sih yang membedakan gelombang mekanik dengan gelombang jenis lain yang mungkin pernah kamu dengar?**\n\nMisalnya, kalau kamu melihat ombak di laut, itu termasuk gelombang mekanik, kan? Nah, menurutmu kenapa bisa begitu? Apa yang membuatnya jadi gelombang mekanik? Yuk, coba dijawab dulu. Nanti kita bedah lebih dalam! 😉", "timestamp": "2025-12-23T15:07:10.381Z"}}, {"model": "chatbot.chatmessage", "pk": 76, "fields": {"conversation": 4, "role": "user", "content": "Gelombang yang memerlukan medium untuk merambat? ", "timestamp": "2025-12-23T15:07:50.317Z"}}, {"model": "chatbot.chatmessage", "pk": 77, "fields": {"conversation": 4, "role": "bot", "content": "Bingo! Tepat sekali, Agus! 👍\n\nJadi, **gelombang mekanik adalah gelombang yang dalam perambatannya memerlukan medium.** Medium ini bisa berupa zat padat, cair, atau gas. Tanpa medium, gelombang mekanik tidak bisa merambat.\n\nContohnya:\n*   **Gelombang bunyi:** Merambat lewat udara (gas), air (cair), atau dinding (padat). Kalau di luar angkasa yang hampa udara, kita tidak bisa mendengar suara.\n*   **Gelombang pada tali:** Tentu saja butuh tali sebagai mediumnya.\n*   **Gelombang air:** Membutuhkan air sebagai mediumnya.\n\nNah, kebalikan dari gelombang mekanik ini ada gelombang **elektromagnetik**, seperti cahaya atau gelombang radio. Gelombang ini justru **tidak** memerlukan medium untuk merambat. Makanya cahaya matahari bisa sampai ke Bumi meskipun melewati ruang hampa di angkasa.\n\nSampai sini paham ya, Agus?\n\nSekarang, kita lanjut ke jenis-jenis gelombang mekanik. Ada dua jenis utama, yaitu gelombang transversal dan gelombang longitudinal.\n\nMenurutmu, apa ya bedanya kedua gelombang ini dilihat dari arah getaran partikel medium terhadap arah rambat gelombangnya? Coba tebak atau jelaskan sedikit! 😊", "timestamp": "2025-12-23T15:07:52.732Z"}}, {"model": "classes.class", "pk": "06cc2893-b9d2-460c-9768-312236db97c2", "fields": {"name": "Physics Class", "description": null, "grade": "11", "teacher": 26, "invite_code": "76A46E5F", "created_at": "2025-12-19T01:47:43.041Z", "students": [30, 31, 32, 33, 34, 35, 36, 37, 38, 39]}}, {"model": "classes.class", "pk": "090fbba3-367f-4327-812e-ce38bacef652", "fields": {"name": "Matematika Kelas X", "description": "Kelas matematika", "grade": "10 SMA", "teacher": 28, "invite_code": "B4F251BB", "created_at": "2025-12-20T15:38:41.180Z", "students": [30, 31, 32, 33, 34, 35, 36, 37, 38, 39]}}, {"model": "classes.class", "pk": "187ffbe1-77fa-46cf-a42f-e43371aa7094", "fields": {"name": "Fisika Kelas XI A", "description": "Fisika Dasar Kinetik Gas", "grade": "11 SMA", "teacher": 41, "invite_code": "C1A631A0", "created_at": "2025-12-23T15:00:59.051Z", "students": [40]}}, {"model": "classes.class", "pk": "258441b8-9546-4ebc-9486-b4713593df40", "fields": {"name": "Matematika", "description": "Dasa Matematika", "grade": "11 SMA", "teacher": 20, "invite_code": "14E95F02", "created_at": "2025-12-15T07:59:07.292Z", "students": [8, 30, 31, 32, 33, 34, 35, 36, 37, 38, 39]}}, {"model": "classes.class", "pk": "35dc02e5-0457-4e36-8fff-53972c844181", "fields": {"name": "Physics Class", "description": null, "grade": "11", "teacher": 27, "invite_code": "9AF60A31", "created_at": "2025-12-19T01:57:25.242Z", "students": [30, 31, 32, 33, 34, 35, 36, 37, 38, 39]}}, {"model": "classes.class", "pk": "4698c108-abf9-4319-a955-e19b2dccaa37", "fields": {"name": "Fisika", "description": "Fisika Dasar", "grade": "11 SMA", "teacher": 20, "invite_code": "FE7FC62B", "created_at": "2025-12-17T12:57:56.657Z", "students": [8, 30, 31, 32, 33, 34, 35, 36, 37, 38, 39]}}, {"model": "classes.class", "pk": "4cde2128-8621-41c0-be5c-eae46bac7b04", "fields": {"name": "Kelas Struktur Data", "description": "Belajar Struktur Data Dasar", "grade": "11", "teacher": 9, "invite_code": "CAE9EC7A", "created_at": "2025-12-09T13:37:26.130Z", "students": [8, 24, 30, 31, 32, 33, 34, 35, 36, 37, 38, 39]}}, {"model": "classes.class", "pk": "5496899f-0104-4801-9d77-18cf24c27da3", "fields": {"name": "Kelas Kimia", "description": "Belajar Kimia Dasar", "grade": "10", "teacher": 9, "invite_code": "E51DF457", "created_at": "2025-12-14T16:30:19.209Z", "students": [30, 31, 32, 33, 34, 35, 36, 37, 38, 39]}}, {"model": "classes.class", "pk": "59a016b0-2ee3-4ad4-8191-4bd9c7e30cb7", "fields": {"name": "Kelas Machine Learning", "description": "Belajar Machine Learning Sederhana", "grade": "11", "teacher": 9, "invite_code": "53A823BE", "created_at": "2025-12-10T12:45:54.117Z", "students": [8, 30, 31, 32, 33, 34, 35, 36, 37, 38, 39]}}, {"model": "classes.class", "pk": "5e36871e-df5a-4e43-ab80-64b15358ce90", "fields": {"name": "Math Class", "description": null, "grade": "10", "teacher": 26, "invite_code": "2F0DAE6A", "created_at": "2025-12-19T01:47:43.039Z", "students": [30, 31, 32, 33, 34, 35, 36, 37, 38, 39]}}, {"model": "classes.class", "pk": "96ea4a38-4805-4191-b9af-bfeb54d80c2c", "fields": {"name": "Kelas Statistika", "description": "Belajar Statistika Dasar", "grade": "11", "teacher": 9, "invite_code": "01EF5BD2", "created_at": "2025-12-09T13:35:46.668Z", "students": [8, 24, 30, 31, 32, 33, 34, 35, 36, 37, 38, 39]}}, {"model": "classes.class", "pk": "b646d769-2121-4257-8aae-a52385fa2ce1", "fields": {"name": "Matematika Kelas XI", "description": "Kelas 11", "grade": "11 SMA", "teacher": 28, "invite_code": "F68A6EC5", "created_at": "2025-12-20T16:35:51.112Z", "students": [30, 31, 32, 33, 34, 35, 36, 37, 38, 39]}}, {"model": "classes.class", "pk": "c05a03d8-6c88-4fe5-9466-fa31ab003eb3", "fields": {"name": "Kelas Algoritma", "description": "Belajar Algoritma Dasar", "grade": "11", "teacher": 7, "invite_code": "E4E35E42", "created_at": "2025-11-11T07:43:17.718Z", "students": [30, 31, 32, 33, 34, 35, 36, 37, 38, 39]}}, {"model": "classes.class", "pk": "c896096f-e66e-468b-b735-26494d30ab05", "fields": {"name": "Math Class", "description": null, "grade": "10", "teacher": 27, "invite_code": "D6B357CB", "created_at": "2025-12-19T01:57:25.240Z", "students": [30, 31, 32, 33, 34, 35, 36, 37, 38, 39]}}, {"model": "classes.class", "pk": "cfd24f4a-4cc8-436e-8d71-2bece71f507d", "fields": {"name": "Kelas Fisika", "description": "Belajar Fisika Dasar", "grade": "11", "teacher": 9, "invite_code": "BD149810", "created_at": "2025-12-14T16:16:38.306Z", "students": [8, 30, 31, 32, 33, 34, 35, 36, 37, 38, 39]}}, {"model": "classes.class", "pk": "ecfea46d-fe56-4335-a5df-1902d2bf7118", "fields": {"name": "Fisika X", "description": "Fisika Dasar", "grade": "10 SMA", "teacher": 41, "invite_code": "A2204957", "created_at": "2025-12-23T15:01:22.817Z", "students": []}}, {"model": "classes.announcement", "pk": "15ecf150-71ee-4c60-8606-1b7050e89d7f", "fields": {"class_obj": "090fbba3-367f-4327-812e-ce38bacef652", "teacher": 28, "content": "Materi pekan ini kita akan mempelajari matrix", "created_at": "2025-12-20T15:40:28.667Z"}}, {"model": "classes.announcement", "pk": "909e25c9-3bd0-4b29-9c57-6176869ff1a1", "fields": {"class_obj": "4698c108-abf9-4319-a955-e19b2dccaa37", "teacher": 20, "content": "Besok kita kelas pagi", "created_at": "2025-12-18T01:54:10.412Z"}}, {"model": "classes.announcement", "pk": "9aa34d7b-08a2-4bdb-8644-8de3feb3291e", "fields": {"class_obj": "187ffbe1-77fa-46cf-a42f-e43371aa7094", "teacher": 41, "content": "Selamat datang kelas Fisika", "created_at": "2025-12-23T15:04:34.574Z"}}, {"model": "classes.announcement", "pk": "dac1f2d1-be48-4ee5-833f-985795d92d39", "fields": {"class_obj": "090fbba3-367f-4327-812e-ce38bacef652", "teacher": 28, "content": "Senin pekan depan kita akan melakukan ujian harian", "created_at": "2025-12-20T15:39:16.589Z"}}, {"model": "classes.announcement", "pk": "dc56b619-3438-4729-82e1-13ed48f29dcb", "fields": {"class_obj": "4698c108-abf9-4319-a955-e19b2dccaa37", "teacher": 20, "content": "Mok", "created_at": "2025-12-19T10:32:52.438Z"}}, {"model": "materials.material", "pk": "0994bfb5-3612-44d0-aa49-33d569918a7a", "fields": {"class_obj": "4698c108-abf9-4319-a955-e19b2dccaa37", "title": "Momod", "content": "Momod gemge", "video_file": "materials/videos/video.mp4", "file": "materials/files/Proposal20Skripsi20-20RPG20Roblox202620PBL20Updated20Ref.pdf", "created_at": "2025-12-17T13:21:58.609Z"}}, {"model": "materials.material", "pk": "340f296a-b37d-458a-b554-2ba1b66c29b2", "fields": {"class_obj": "4698c108-abf9-4319-a955-e19b2dccaa37", "title": "Testing", "content": "Testing", "video_file": "materials/videos/26a5838f-603a-42dd-b67f-9e28799ee54f.mp4", "file": "materials/files/652df835-957d-4882-9991-a27eebcedf58.pdf", "created_at": "2025-12-17T13:40:37.668Z"}}, {"model": "materials.material", "pk": "79e8f09d-255f-4775-93d9-ad4aa6b85b8b", "fields": {"class_obj": "59a016b0-2ee3-4ad4-8191-4bd9c7e30cb7", "title": "Pengenalan Algoritma", "content": "<h1>Algoritma</h1><p>Algoritma adalah urutan langkah-langkah logis...</p>", "video_file": "", "file": "", "created_at": "2025-12-10T14:16:58.082Z"}}, {"model": "materials.material", "pk": "894038e2-5b91-475e-9937-b7ddc0a3efb1", "fields": {"class_obj": "4698c108-abf9-4319-a955-e19b2dccaa37", "title": "Testing materi 2", "content": "Halo! Selamat datang di sesi belajar Fisika kita hari ini. Saya Guruku AI, siap membantumu memahami materi Fisika Dasar Kelas 11 SMA.\n\nBerdasarkan rangkuman yang kamu berikan, kita akan membahas beberapa topik penting, mulai dari dinamika rotasi, elastisitas, fluida, suhu dan kalor, hingga gelombang mekanik. Yuk, kita mulai!\n\n---\n\n## Materi Pembelajaran Fisika Dasar Kelas 11 SMA\n\nDokumen ini merangkum materi Fisika Dasar untuk Kelas 11 SMA, mencakup Kurikulum Merdeka dan K13. Materi ini disusun oleh Asisten AI dan mencakup topik-topik esensial yang penting untuk dipelajari.\n\n### Daftar Isi Materi:\n\n1.  Dinamika Rotasi dan Kesetimbangan Benda Tegar\n2.  Elastisitas dan Hukum Hooke\n3.  Fluida Statis\n4.  Fluida Dinamis\n5.  Suhu, Kalor, dan Perpindahan Kalor\n6.  Teori Kinetik Gas & Termodinamika\n7.  Gelombang Mekanik\n\n---\n\n### Bab 1: Dinamika Rotasi dan Kesetimbangan Benda Tegar\n\n**Ringkasan:** Bab ini membahas tentang bagaimana benda bergerak berputar, konsep momen gaya (torsi), momen inersia, hukum Newton untuk rotasi, serta titik berat benda.\n\n**Konsep Kunci:**\n\n*   **Momen Gaya (Torsi):** Penyebab benda berputar atau berotasi terhadap poros. Dinyatakan dengan rumus:\n    $$ \\tau = F \\cdot r \\cdot \\sin(\\theta) $$\n    *   $\\tau$: Torsi (Nm)\n    *   $F$: Gaya (N)\n    *   $r$: Lengan gaya (m)\n    *   $\\theta$: Sudut antara gaya dan lengan gaya.\n*   **Momen Inersia ($I$):** Ukuran kelembaman benda untuk berotasi. Dinyatakan dengan rumus umum:\n    $$ I = \\sum m \\cdot r^2 $$\n    Beberapa nilai momen inersia khusus:\n    *   Silinder pejal: $ I = \\frac{1}{2} MR^2 $\n    *   Bola pejal: $ I = \\frac{2}{5} MR^2 $\n    *   Batang silinder (poros di tengah): $ I = \\frac{1}{12} ML^2 $\n*   **Hukum II Newton untuk Rotasi:** Menghubungkan torsi total dengan percepatan sudut.\n    $$ \\sum \\tau = I \\cdot \\alpha $$\n    *   $\\alpha$: Percepatan sudut (rad/s²).\n*   **Titik Berat:** Titik tangkap resultan seluruh gaya berat pada benda. Koordinatnya dapat dihitung dengan:\n    $$ x_0 = \\frac{\\sum (W_i \\cdot x_i)}{\\sum W_i}, \\quad y_0 = \\frac{\\sum (W_i \\cdot y_i)}{\\sum W_i} $$\n\n---\n\n### Bab 2: Elastisitas dan Hukum Hooke\n\n**Ringkasan:** Bab ini menjelaskan sifat elastisitas material, tegangan, regangan, Modulus Young, dan bagaimana pegas berperilaku berdasarkan Hukum Hooke.\n\n**Konsep Kunci:**\n\n*   **Besaran Elastisitas:**\n    *   **Tegangan (Stress):** Gaya per satuan luas penampang.\n        $$ \\sigma = \\frac{F}{A} $$\n    *   **Regangan (Strain):** Perubahan panjang relatif terhadap panjang awal.\n        $$ e = \\frac{\\Delta L}{L_0} $$\n    *   **Modulus Young ($E$):** Perbandingan tegangan terhadap regangan pada daerah elastis.\n        $$ E = \\frac{\\sigma}{e} $$\n*   **Hukum Hooke:** Pada batas elastis, gaya pemulih pada pegas sebanding dengan pertambahan panjangnya.\n    $$ F = k \\cdot \\Delta x $$\n    *   $k$: Konstanta pegas (N/m).\n    *   $\\Delta x$: Pertambahan panjang pegas (m).\n*   **Susunan Pegas:**\n    *   Seri: $ \\frac{1}{k_s} = \\frac{1}{k_1} + \\frac{1}{k_2} + \\dots $\n    *   Paralel: $ k_p = k_1 + k_2 + \\dots $\n*   **Energi Potensial Pegas:** Energi yang tersimpan dalam pegas ketika diregangkan atau ditekan.\n    $$ E_p = \\frac{1}{2} k (\\Delta x)^2 $$\n\n---\n\n### Bab 3: Fluida Statis\n\n**Ringkasan:** Bab ini membahas sifat zat cair yang diam (statis), yaitu tekanan hidrostatis, Hukum Pascal, dan Hukum Archimedes.\n\n**Konsep Kunci:**\n\n*   **Tekanan Hidrostatis:** Tekanan akibat berat zat cair pada kedalaman tertentu.\n    $$ P_h = \\rho \\cdot g \\cdot h $$\n    *   $\\rho$: Massa jenis zat cair (kg/m³).\n    *   $g$: Percepatan gravitasi (m/s²).\n    *   $h$: Kedalaman (m).\n*   **Hukum Pascal:** Tekanan yang diberikan pada zat cair dalam ruang tertutup diteruskan ke segala arah dengan besaran yang sama.\n    $$ \\frac{F_1}{A_1} = \\frac{F_2}{A_2} $$\n*   **Hukum Archimedes:** Benda yang dicelupkan sebagian atau seluruhnya ke dalam fluida akan mendapat gaya angkat sebesar berat fluida yang dipindahkan.\n    $$ F_A = \\rho_f \\cdot g \\cdot V_{tercelup} $$\n    *   $\\rho_f$: Massa jenis fluida (kg/m³).\n    *   $V_{tercelup}$: Volume benda yang tercelup (m³).\n    *   **Kondisi Benda:**\n        *   Mengapung: $\\rho_{benda} < \\rho_{fluida}$\n        *   Melayang: $\\rho_{benda} = \\rho_{fluida}$\n        *   Tenggelam: $\\rho_{benda} > \\rho_{fluida}$\n\n---\n\n### Bab 4: Fluida Dinamis\n\n**Ringkasan:** Bab ini mempelajari sifat zat cair yang bergerak (dinamis), termasuk persamaan kontinuitas dan Hukum Bernoulli.\n\n**Konsep Kunci:**\n\n*   **Persamaan Kontinuitas:** Debit aliran fluida ideal konstan di setiap titik.\n    $$ Q = A \\cdot v = \\text{konstan} $$\n    Atau:\n    $$ A_1 \\cdot v_1 = A_2 \\cdot v_2 $$\n    *   $Q$: Debit aliran (m³/s).\n    *   $A$: Luas penampang (m²).\n    *   $v$: Kecepatan fluida (m/s).\n*   **Hukum Bernoulli:** Menerangkan kekekalan energi mekanik pada fluida yang mengalir.\n    $$ P + \\rho g h + \\frac{1}{2} \\rho v^2 = \\text{konstan} $$\n    *   $P$: Tekanan fluida (Pa).\n    *   $\\rho$: Massa jenis fluida (kg/m³).\n    *   $g$: Percepatan gravitasi (m/s²).\n    *   $h$: Ketinggian (m).\n    *   $v$: Kecepatan fluida (m/s).\n    *   Penerapan: Gaya angkat pesawat terbang, venturimeter, tabung pitot.\n\n---\n\n### Bab 5: Suhu, Kalor, dan Perpindahan Kalor\n\n**Ringkasan:** Bab ini membahas konsep suhu, kalor, kapasitas kalor, kalor jenis, Asas Black, serta tiga cara perpindahan kalor: konduksi, konveksi, dan radiasi.\n\n**Konsep Kunci:**\n\n*   **Kalor Jenis dan Kapasitas Kalor:**\n    *   Jumlah kalor untuk menaikkan suhu satu satuan massa:\n        $$ Q = m \\cdot c \\cdot \\Delta T $$\n        *   $Q$: Kalor (Joule).\n        *   $m$: Massa (kg).\n        *   $c$: Kalor jenis (J/kg°C atau J/kgK).\n        *   $\\Delta T$: Perubahan suhu (°C atau K).\n    *   Jumlah kalor untuk menaikkan suhu seluruh benda:\n        $$ Q = C \\cdot \\Delta T $$\n        *   $C$: Kapasitas kalor (J/°C atau J/K).\n*   **Asas Black:** Pada pencampuran dua zat, kalor yang dilepas sama dengan kalor yang diterima.\n    $$ Q_{lepas} = Q_{terima} $$\n*   **Perpindahan Kalor:**\n    *   **Konduksi (Hantaran):** Melalui zat padat, tanpa perpindahan partikel.\n        $$ H = \\frac{k \\cdot A \\cdot \\Delta T}{L} $$\n        *   $k$: Konduktivitas termal bahan.\n        *   $A$: Luas penampang.\n        *   $L$: Panjang.\n    *   **Konveksi (Aliran):** Melalui fluida (cair/gas) disertai perpindahan partikel.\n        $$ H = h \\cdot A \\cdot \\Delta T $$\n        *   $h$: Koefisien konveksi.\n    *   **Radiasi (Pancaran):** Tanpa zat perantara (gelombang elektromagnetik).\n        $$ P = \\varepsilon \\sigma A T^4 $$\n        *   $P$: Daya radiasi.\n        *   $\\varepsilon$: Emisivitas.\n        *   $\\sigma$: Konstanta Stefan-Boltzmann.\n        *   $T$: Suhu mutlak (Kelvin).\n\n---\n\n### Bab 6: Teori Kinetik Gas & Termodinamika\n\n**Ringkasan:** Bab ini membahas sifat gas ideal berdasarkan teori kinetik dan hukum-hukum termodinamika, termasuk Hukum I Termodinamika dan Siklus Carnot.\n\n**Konsep Kunci:**\n\n*   **Persamaan Gas Ideal:** Menghubungkan tekanan, volume, dan suhu gas.\n    $$ PV = nRT \\quad \\text{atau} \\quad PV = NkT $$\n    *   $P$: Tekanan (Pa).\n    *   $V$: Volume (m³).\n    *   $n$: Jumlah mol.\n    *   $R$: Konstanta gas universal.\n    *   $N$: Jumlah partikel gas.\n    *   $k$: Konstanta Boltzmann.\n*   **Hukum I Termodinamika:** Pernyataan kekekalan energi pada sistem termodinamika.\n    $$ Q = \\Delta U + W $$\n    *   $Q$: Kalor (positif jika sistem menyerap).\n    *   $\\Delta U$: Perubahan energi dalam.\n    *   $W$: Usaha (positif jika sistem melakukan usaha/ekspansi).\n*   **Siklus Carnot:** Mesin kalor ideal dengan efisiensi tertinggi.\n    $$ \\eta = \\left(1 - \\frac{T_{rendah}}{T_{tinggi}}\\right) \\times 100\\% $$\n    *   $\\eta$: Efisiensi.\n    *   $T_{rendah}$: Suhu reservoir dingin (Kelvin).\n    *   $T_{tinggi}$: Suhu reservoir panas (Kelvin).\n\n---\n\n### Bab 7: Gelombang Mekanik\n\n**Ringkasan:** Bab ini membahas tentang gelombang mekanik, besaran-besaran dasarnya seperti cepat rambat, panjang gelombang, dan frekuensi, serta persamaan gelombang berjalan.\n\n**Konsep Kunci:**\n\n*   **Besaran Dasar Gelombang:** Hubungan antara cepat rambat ($v$), panjang gelombang ($\\lambda$), frekuensi ($f$), dan periode ($T$).\n    $$ v = \\lambda \\cdot f \\quad \\text{atau} \\quad v = \\frac{\\lambda}{T} $$\n*   **Persamaan Gelombang Berjalan:** Menjelaskan simpangan gelombang yang merambat.\n    $$ y = A \\sin(\\omega t \\pm kx) $$\n    *   $y$: Simpangan (m).\n    *   $A$: Amplitudo (m).\n    *   $\\omega$: Frekuensi sudut ($ \\omega = 2\\pi f $) (rad/s).\n    *   $t$: Waktu (s).\n    *   $k$: Bilangan gelombang ($ k = \\frac{2\\pi}{\\lambda} $) (m⁻¹).\n    *   $x$: Posisi (m).\n    *   Tanda $(\\pm)$ menunjukkan arah rambat gelombang.\n\n---\n\n### Latihan Soal Sederhana:\n\n1.  Sebuah pegas memiliki konstanta pegas sebesar 200 N/m. Jika pegas tersebut diregangkan sejauh 0,1 meter, berapakah energi potensial yang tersimpan dalam pegas tersebut?\n2.  Sebuah balok kayu dengan massa jenis 700 kg/m³ dicelupkan ke dalam air yang memiliki massa jenis 1000 kg/m³. Apakah balok tersebut akan mengapung, melayang, atau tenggelam? Jelaskan alasanmu!\n3.  Persamaan gelombang berjalan dinyatakan sebagai $y = 0.5 \\sin(4\\pi t - 2\\pi x)$. Tentukan amplitudo dan panjang gelombang dari gelombang tersebut!\n\n---\n\nBagaimana? Semoga rangkuman ini membantumu memahami materi Fisika Dasar Kelas 11 SMA ya. Kalau ada bagian yang kurang jelas atau ingin ditanyakan lebih lanjut, jangan ragu untuk bertanya! Semangat belajar!", "video_file": "materials/videos/5d73c5e1-e7f8-4734-baff-bd5deb8bd779.mp4", "file": "", "created_at": "2025-12-17T14:05:39.390Z"}}, {"model": "materials.material", "pk": "9f293f60-cd95-47d5-afb6-5331d0630d5d", "fields": {"class_obj": "187ffbe1-77fa-46cf-a42f-e43371aa7094", "title": "Fisika Dasar", "content": "Halo! Senang sekali bisa membantumu belajar. Berdasarkan dokumen yang kamu berikan, mari kita rangkum materi Fisika Dasar Kelas 11 SMA Kurikulum Merdeka/K13 ini menjadi sebuah modul pembelajaran yang asyik!\n\n---\n\n# Modul Pembelajaran Fisika Dasar Kelas 11 SMA\n\n## Daftar Isi\n1.  Dinamika Rotasi dan Kesetimbangan Benda Tegar\n2.  Elastisitas dan Hukum Hooke\n3.  Fluida Statis\n4.  Fluida Dinamis\n5.  Suhu, Kalor, dan Perpindahan Kalor\n6.  Teori Kinetik Gas & Termodinamika\n7.  Gelombang Mekanik\n\n---\n\n## 1. Dinamika Rotasi dan Kesetimbangan Benda Tegar\n\n### Ringkasan Materi\nBagian ini membahas tentang bagaimana benda bergerak berputar (rotasi) dan kondisi saat benda diam atau bergerak lurus beraturan dalam keadaan setimbang. Konsep seperti torsi, momen inersia, dan hukum Newton untuk rotasi sangat penting di sini.\n\n### Konsep Kunci\n\n1.  **Momen Gaya (Torsi)**:\n    Torsi adalah penyebab benda berputar atau berotasi terhadap porosnya. Besar kecilnya torsi dipengaruhi oleh gaya yang diberikan, lengan gaya (jarak dari poros ke titik kerja gaya), dan sudut antara gaya dan lengan gaya.\n\n    Rumusnya adalah:\n    $$ \\tau = F \\cdot r \\cdot \\sin(\\theta) $$\n\n    *   $\\tau$: Torsi (Nm)\n    *   $F$: Gaya (N)\n    *   $r$: Lengan gaya (m)\n    *   $\\theta$: Sudut antara $F$ dan $r$\n\n2.  **Momen Inersia ($I$)**:\n    Momen inersia adalah ukuran kelembaman suatu benda untuk berotasi. Semakin besar momen inersia, semakin sulit benda untuk diputar atau dihentikan putarannya.\n\n    Rumusnya secara umum adalah:\n    $$ I = \\sum m \\cdot r^2 $$\n\n    Beberapa nilai momen inersia untuk benda khusus:\n    *   Silinder pejal: $I = \\frac{1}{2}MR^2$\n    *   Bola pejal: $I = \\frac{2}{5}MR^2$\n    *   Batang silinder (poros di tengah): $I = \\frac{1}{12}ML^2$\n\n3.  **Hukum II Newton untuk Rotasi**:\n    Hubungan antara resultan torsi pada suatu benda dengan percepatan sudutnya.\n\n    $$ \\sum \\tau = I \\cdot \\alpha $$\n\n    *   $\\sum \\tau$: Resultan torsi (Nm)\n    *   $I$: Momen inersia (kgm²)\n    *   $\\alpha$: Percepatan sudut (rad/s²)\n\n4.  **Titik Berat**:\n    Titik tangkap resultan seluruh gaya berat yang bekerja pada benda. Untuk benda homogen, titik beratnya sama dengan pusat massa.\n\n    Koordinat titik berat ($x_0, y_0$):\n    $$ x_0 = \\frac{\\sum (W_i \\cdot x_i)}{\\sum W_i}, \\quad y_0 = \\frac{\\sum (W_i \\cdot y_i)}{\\sum W_i} $$\n    di mana $W_i$ adalah berat masing-masing bagian benda.\n\n### Latihan Soal\n1.  Sebuah gaya $10$ N bekerja pada ujung sebuah batang sejauh $0.5$ m dari porosnya. Jika sudut antara gaya dan batang adalah $30^\\circ$, berapakah besar torsi yang dihasilkan?\n2.  Jelaskan mengapa memutar baut lebih mudah dilakukan dengan kunci yang memiliki gagang panjang dibandingkan kunci yang pendek, kaitkan dengan konsep momen gaya!\n3.  Sebuah silinder pejal bermassa $5$ kg dan berjari-jari $0.1$ m berputar. Hitunglah momen inersianya!\n\n---\n\n## 2. Elastisitas dan Hukum Hooke\n\n### Ringkasan Materi\nBagian ini membahas tentang sifat benda yang dapat kembali ke bentuk semula setelah gaya yang bekerja dihilangkan (elastisitas) dan bagaimana pegas berperilaku sesuai Hukum Hooke.\n\n### Konsep Kunci\n\n1.  **Besaran Elastisitas**:\n    *   **Tegangan (Stress, $\\sigma$)**: Gaya per satuan luas penampang benda.\n        $$ \\sigma = \\frac{F}{A} $$\n        dengan $F$ adalah gaya dan $A$ adalah luas penampang.\n    *   **Regangan (Strain, $e$)**: Perubahan panjang relatif terhadap panjang mula-mula.\n        $$ e = \\frac{\\Delta L}{L_0} $$\n        dengan $\\Delta L$ adalah pertambahan panjang dan $L_0$ adalah panjang mula-mula.\n    *   **Modulus Young ($E$)**: Perbandingan antara tegangan dan regangan pada daerah elastis. Mengukur kekakuan suatu bahan.\n        $$ E = \\frac{\\sigma}{e} $$\n\n2.  **Hukum Hooke**:\n    Pada daerah elastis, gaya pemulih pada pegas berbanding lurus dengan pertambahan panjangnya.\n\n    $$ F = k \\cdot \\Delta x $$\n\n    *   $F$: Gaya pemulih (N)\n    *   $k$: Konstanta pegas (N/m)\n    *   $\\Delta x$: Pertambahan panjang pegas (m)\n\n3.  **Susunan Pegas**:\n    *   **Susunan Seri**: Konstanta pegas total lebih kecil.\n        $$ \\frac{1}{k_{seri}} = \\frac{1}{k_1} + \\frac{1}{k_2} + \\dots $$\n    *   **Susunan Paralel**: Konstanta pegas total lebih besar.\n        $$ k_{paralel} = k_1 + k_2 + \\dots $$\n\n4.  **Energi Potensial Pegas**:\n    Energi yang tersimpan dalam pegas ketika diregangkan atau ditekan.\n\n    $$ E_p = \\frac{1}{2} k (\\Delta x)^2 $$\n\n### Latihan Soal\n1.  Sebuah pegas memiliki konstanta pegas $200$ N/m. Jika pegas diregangkan sejauh $0.05$ m, berapakah energi potensial yang tersimpan?\n2.  Mengapa modulus Young aluminium lebih kecil dari baja? Apa artinya ini terhadap kekakuan kedua bahan?\n3.  Dua pegas identik dengan konstanta pegas $k$ dirangkai paralel. Berapakah konstanta pegas totalnya?\n\n---\n\n## 3. Fluida Statis\n\n### Ringkasan Materi\nBagian ini mempelajari tentang fluida (zat cair dan gas) yang dalam keadaan diam. Konsep utamanya adalah tekanan yang dihasilkan oleh fluida dan gaya apung.\n\n### Konsep Kunci\n\n1.  **Tekanan Hidrostatis**:\n    Tekanan pada zat cair yang disebabkan oleh beratnya sendiri pada kedalaman tertentu.\n\n    $$ P_h = \\rho \\cdot g \\cdot h $$\n\n    *   $P_h$: Tekanan hidrostatis (Pa)\n    *   $\\rho$: Massa jenis zat cair (kg/m³)\n    *   $g$: Percepatan gravitasi (m/s²)\n    *   $h$: Kedalaman dari permukaan (m)\n\n2.  **Hukum Pascal**:\n    Tekanan yang diberikan pada zat cair dalam ruang tertutup diteruskan ke segala arah dengan besar yang sama. Prinsip ini digunakan pada dongkrak hidrolik.\n\n    $$ \\frac{F_1}{A_1} = \\frac{F_2}{A_2} $$\n\n    *   $F_1, A_1$: Gaya dan luas penampang pada piston kecil.\n    *   $F_2, A_2$: Gaya dan luas penampang pada piston besar.\n\n3.  **Hukum Archimedes**:\n    Setiap benda yang dicelupkan sebagian atau seluruhnya ke dalam fluida akan mendapat gaya angkat ke atas sebesar berat fluida yang dipindahkan oleh benda tersebut.\n\n    $$ F_a = \\rho_f \\cdot g \\cdot V_{tercelup} $$\n\n    *   $F_a$: Gaya apung (N)\n    *   $\\rho_f$: Massa jenis fluida (kg/m³)\n    *   $V_{tercelup}$: Volume benda yang tercelup dalam fluida (m³)\n\n    **Kondisi Benda dalam Fluida**:\n    *   Mengapung: $\\rho_{benda} < \\rho_{fluida}$\n    *   Melayang: $\\rho_{benda} = \\rho_{fluida}$\n    *   Tenggelam: $\\rho_{benda} > \\rho_{fluida}$\n\n### Latihan Soal\n1.  Sebuah kolam renang memiliki kedalaman $2$ m. Jika massa jenis air adalah $1000$ kg/m³ dan $g = 10$ m/s², berapakah tekanan hidrostatis di dasar kolam?\n2.  Dongkrak hidrolik digunakan untuk mengangkat mobil. Jika luas penampang piston kecil adalah $10$ cm² dan luas penampang piston besar adalah $1000$ cm², berapa gaya yang harus diberikan pada piston kecil untuk mengangkat mobil bermassa $1500$ kg? (Anggap $g=10$ m/s²)\n3.  Sebuah balok kayu memiliki massa jenis $0.8$ g/cm³ dicelupkan ke dalam air (massa jenis $1$ g/cm³). Apakah balok tersebut akan mengapung, melayang, atau tenggelam? Jelaskan alasannya!\n\n---\n\n## 4. Fluida Dinamis\n\n### Ringkasan Materi\nBagian ini mempelajari tentang fluida yang bergerak. Konsep utamanya adalah kekekalan debit aliran dan kekekalan energi mekanik pada fluida.\n\n### Konsep Kunci\n\n1.  **Persamaan Kontinuitas**:\n    Debit aliran fluida ideal selalu konstan di setiap titik pada aliran. Debit adalah volume fluida yang mengalir per satuan waktu.\n\n    $$ Q = A \\cdot v = \\text{konstan} $$\n    Artinya, di dua titik berbeda pada aliran berlaku:\n    $$ A_1 \\cdot v_1 = A_2 \\cdot v_2 $$\n\n    *   $Q$: Debit aliran (m³/s)\n    *   $A$: Luas penampang aliran (m²)\n    *   $v$: Kecepatan aliran fluida (m/s)\n\n2.  **Hukum Bernoulli**:\n    Menyatakan bahwa jumlah dari tekanan, energi kinetik per satuan volume, dan energi potensial per satuan volume pada suatu titik dalam aliran fluida ideal adalah konstan.\n\n    $$ P + \\frac{1}{2}\\rho v^2 + \\rho g h = \\text{konstan} $$\n\n    *   $P$: Tekanan fluida (Pa)\n    *   $\\rho$: Massa jenis fluida (kg/m³)\n    *   $v$: Kecepatan aliran fluida (m/s)\n    *   $h$: Ketinggian titik dari bidang acuan (m)\n\n    Penerapan hukum Bernoulli antara lain pada gaya angkat pesawat terbang.\n\n### Latihan Soal\n1.  Air mengalir dalam pipa dengan luas penampang $50$ cm² dengan kecepatan $2$ m/s. Jika pipa menyempit dengan luas penampang $20$ cm², berapakah kecepatan air pada bagian yang menyempit?\n2.  Bagaimana prinsip Bernoulli menjelaskan mengapa pesawat terbang bisa terangkat?\n3.  Jelaskan hubungan antara luas penampang pipa dan kecepatan aliran fluida berdasarkan persamaan kontinuitas!\n\n---\n\n## 5. Suhu, Kalor, dan Perpindahan Kalor\n\n### Ringkasan Materi\nBagian ini membahas tentang konsep suhu, kalor (panas), dan bagaimana kalor berpindah dari satu tempat ke tempat lain.\n\n### Konsep Kunci\n\n1.  **Kalor Jenis dan Kapasitas Kalor**:\n    *   Jumlah kalor yang dibutuhkan untuk menaikkan suhu $1$ kg zat sebesar $1^\\circ$C disebut kalor jenis ($c$).\n    *   Jumlah kalor yang dibutuhkan untuk menaikkan suhu suatu benda sebesar $1^\\circ$C disebut kapasitas kalor ($C$).\n\n    Hubungannya dengan kalor ($Q$):\n    $$ Q = m \\cdot c \\cdot \\Delta T $$\n    $$ Q = C \\cdot \\Delta T $$\n\n    *   $Q$: Kalor yang diterima/dilepas (Joule atau kalori)\n    *   $m$: Massa benda (kg)\n    *   $c$: Kalor jenis ($J/kg^\\circ C$)\n    *   $C$: Kapasitas kalor ($J/^\\circ C$)\n    *   $\\Delta T$: Perubahan suhu ($^\\circ C$ atau K)\n\n2.  **Asas Black**:\n    Pada pencampuran dua zat atau lebih, kalor yang dilepas oleh zat yang bersuhu lebih tinggi sama dengan kalor yang diterima oleh zat yang bersuhu lebih rendah, hingga tercapai kesetimbangan termal.\n\n    $$ Q_{lepas} = Q_{diterima} $$\n\n3.  **Perpindahan Kalor**:\n    *   **Konduksi (Hantaran)**: Perpindahan kalor melalui zat padat tanpa disertai perpindahan partikel zat tersebut. Umumnya terjadi pada benda padat.\n        Rumus laju perpindahan kalor:\n        $$ H = \\frac{k A \\Delta T}{L} $$\n        ($k$ = konduktivitas termal, $A$ = luas penampang, $L$ = panjang)\n    *   **Konveksi (Aliran)**: Perpindahan kalor melalui fluida (cair atau gas) disertai perpindahan partikel zat tersebut.\n        Rumus laju perpindahan kalor:\n        $$ H = h A \\Delta T $$\n        ($h$ = koefisien konveksi)\n    *   **Radiasi (Pancaran)**: Perpindahan kalor tanpa memerlukan medium perantara, dalam bentuk gelombang elektromagnetik.\n        Rumus daya radiasi:\n        $$ P = \\epsilon \\sigma A T^4 $$\n        ($\\epsilon$ = emisivitas, $\\sigma$ = konstanta Stefan-Boltzmann, $T$ = suhu absolut)\n\n### Latihan Soal\n1.  Berapa banyak kalor yang dibutuhkan untuk memanaskan $2$ kg air dari $20^\\circ C$ menjadi $80^\\circ C$, jika kalor jenis air adalah $4200 J/kg^\\circ C$?\n2.  Apa perbedaan mendasar antara konduksi dan konveksi? Berikan contoh masing-masing!\n3.  Mengapa kita merasa lebih dingin saat menyentuh logam dibandingkan kayu pada suhu ruangan yang sama? Kaitkan dengan konsep perpindahan kalor!\n\n---\n\n## 6. Teori Kinetik Gas & Termodinamika\n\n### Ringkasan Materi\nBagian ini membahas sifat-sifat gas berdasarkan gerakan partikel-partikelnya (teori kinetik gas) dan hukum-hukum dasar yang mengatur pertukaran energi dalam sistem termodinamika.\n\n### Konsep Kunci\n\n1.  **Persamaan Gas Ideal**:\n    Menghubungkan tekanan ($P$), volume ($V$), suhu absolut ($T$), dan jumlah mol ($n$) atau jumlah partikel ($N$) gas.\n\n    $$ PV = nRT \\quad \\text{atau} \\quad PV = NkT $$\n\n    *   $n$: Jumlah mol gas\n    *   $R$: Konstanta gas universal ($8.314$ J/mol·K)\n    *   $N$: Jumlah partikel gas\n    *   $k$: Konstanta Boltzmann ($1.38 \\times 10^{-23}$ J/K)\n\n2.  **Hukum I Termodinamika**:\n    Prinsip kekekalan energi yang diterapkan pada sistem termodinamika. Perubahan energi dalam ($\\Delta U$) suatu sistem sama dengan kalor ($Q$) yang ditambahkan ke sistem dikurangi usaha ($W$) yang dilakukan oleh sistem.\n\n    $$ Q = \\Delta U + W $$\n\n    *   $Q$: Positif jika sistem menyerap kalor, negatif jika melepas kalor.\n    *   $W$: Positif jika sistem melakukan usaha (ekspansi), negatif jika dikenai usaha (kompresi).\n    *   $\\Delta U$: Perubahan energi dalam.\n\n3.  **Siklus Carnot**:\n    Merupakan siklus termodinamika ideal yang digunakan sebagai acuan untuk mesin kalor dengan efisiensi tertinggi.\n\n    Efisiensi ($\\eta$):\n    $$ \\eta = \\left(1 - \\frac{T_{rendah}}{T_{tinggi}}\\right) \\times 100\\% $$\n    *   $T_{rendah}$: Suhu reservoir dingin (dalam Kelvin)\n    *   $T_{tinggi}$: Suhu reservoir panas (dalam Kelvin)\n\n### Latihan Soal\n1.  Sebuah gas ideal pada volume konstan dipanaskan. Apakah energi dalamnya bertambah, berkurang, atau tetap? Jelaskan berdasarkan Hukum I Termodinamika!\n2.  Mengapa suhu dalam rumus efisiensi Siklus Carnot harus menggunakan satuan Kelvin?\n3.  Jika sebuah mesin kalor bekerja antara suhu $27^\\circ C$ dan $227^\\circ C$, berapakah efisiensi maksimum yang bisa dicapainya?\n\n---\n\n## 7. Gelombang Mekanik\n\n### Ringkasan Materi\nBagian ini membahas tentang gelombang yang memerlukan medium untuk merambat, seperti gelombang pada tali atau gelombang bunyi.\n\n### Konsep Kunci\n\n1.  **Besaran Dasar Gelombang**:\n    Hubungan antara cepat rambat ($v$), panjang gelombang ($\\lambda$), frekuensi ($f$), dan periode ($T$).\n\n    $$ v = \\lambda \\cdot f \\quad \\text{atau} \\quad v = \\frac{\\lambda}{T} $$\n\n    *   $v$: Cepat rambat gelombang (m/s)\n    *   $\\lambda$: Panjang gelombang (m)\n    *   $f$: Frekuensi (Hz)\n    *   $T$: Periode (s)\n\n2.  **Persamaan Gelombang Berjalan**:\n    Menjelaskan simpangan ($y$) suatu titik pada medium sebagai fungsi posisi ($x$) dan waktu ($t$).\n\n    $$ y = A \\sin(\\omega t \\pm kx) $$\n\n    *   $y$: Simpangan gelombang (m)\n    *   $A$: Amplitudo gelombang (m)\n    *   $\\omega$: Frekuensi sudut ($ \\omega = 2\\pi f $) (rad/s)\n    *   $k$: Bilangan gelombang ($ k = \\frac{2\\pi}{\\lambda} $) (rad/m)\n    *   Tanda $\\pm$: Tanda $+$ berarti gelombang merambat ke kiri, tanda $-$ berarti gelombang merambat ke kanan.\n\n### Latihan Soal\n1.  Gelombang pada tali merambat dengan panjang gelombang $0.5$ m dan frekuensi $10$ Hz. Berapakah cepat rambat gelombang tersebut?\n2.  Jika amplitudo gelombang adalah $0.1$ m dan frekuensi sudutnya adalah $5\\pi$ rad/s, tuliskan persamaan simpangan gelombang berjalan tersebut jika merambat ke arah sumbu-x positif!\n3.  Apa yang dimaksud dengan amplitudo gelombang? Apa satuan standarnya?\n\n---\n\nSemoga rangkuman ini membantumu memahami materi Fisika Dasar Kelas 11 SMA ya! Kalau ada bagian yang kurang jelas atau ingin dibahas lebih dalam, jangan ragu bertanya! Semangat belajarnya!", "video_file": "materials/videos/ba32f4ea-99ef-49d0-aa14-9fc929d35eab.mp4", "file": "", "created_at": "2025-12-23T15:03:26.366Z"}}, {"model": "materials.material", "pk": "a15ddd32-08bc-436d-9dc1-d334bbf70280", "fields": {"class_obj": "4698c108-abf9-4319-a955-e19b2dccaa37", "title": "Fisika lanjutan", "content": "Halo! Dengan senang hati saya akan membantu kamu membuat rangkuman materi Fisika Dasar Kelas 11 SMA berdasarkan dokumen yang kamu berikan. Yuk, kita mulai belajar!\n\n---\n\n# **Modul Pelajaran: Fisika Dasar Kelas 11 SMA**\n\nDokumen ini mencakup rangkuman materi Fisika Dasar untuk Kelas 11 SMA, baik Kurikulum Merdeka maupun Kurikulum 2013. Materi-materi yang dibahas meliputi Dinamika Rotasi, Elastisitas, Fluida Statis dan Dinamis, Suhu dan Kalor, Teori Kinetik Gas & Termodinamika, hingga Gelombang Mekanik.\n\n---\n\n## **Bab 1: Dinamika Rotasi dan Kesetimbangan Benda Tegar**\n\n### **1.1 Momen Gaya (Torsi)**\n\n*   **Konsep:** Torsi adalah penyebab benda berputar atau berotasi terhadap porosnya.\n*   **Rumus:**\n    $$ \\tau = F \\cdot r \\cdot \\sin(\\theta) $$\n    Keterangan:\n    *   $ \\tau $: Momen gaya atau Torsi (dalam satuan Nm)\n    *   $ F $: Gaya yang bekerja (dalam satuan N)\n    *   $ r $: Lengan gaya atau jarak sumbu putar ke titik tangkap gaya (dalam satuan m)\n    *   $ \\theta $: Sudut antara arah gaya dan lengan gaya\n\n### **1.2 Momen Inersia (I)**\n\n*   **Konsep:** Momen inersia adalah ukuran kelembaman suatu benda untuk berotasi terhadap porosnya.\n*   **Rumus Umum:**\n    $$ I = \\sum m \\cdot r^2 $$\n*   **Momen Inersia untuk Benda Khusus:**\n    *   Silinder pejal: $ I = \\frac{1}{2}MR^2 $\n    *   Bola pejal: $ I = \\frac{2}{5}MR^2 $\n    *   Batang silinder (poros di tengah): $ I = \\frac{1}{12}ML^2 $\n\n### **1.3 Hukum II Newton untuk Rotasi**\n\n*   **Konsep:** Menghubungkan torsi total dengan percepatan sudut.\n*   **Rumus:**\n    $$ \\Sigma \\tau = I \\cdot \\alpha $$\n    Keterangan:\n    *   $ \\Sigma \\tau $: Torsi total\n    *   $ I $: Momen inersia\n    *   $ \\alpha $: Percepatan sudut (dalam satuan $ rad/s^2 $)\n\n### **1.4 Titik Berat**\n\n*   **Konsep:** Titik tangkap resultan seluruh gaya berat yang bekerja pada benda.\n*   **Rumus (Koordinat Titik Berat):**\n    $$ x_0 = \\frac{\\sum (W_i \\cdot x_i)}{\\sum W_i}, \\quad y_0 = \\frac{\\sum (W_i \\cdot y_i)}{\\sum W_i} $$\n\n---\n\n## **Bab 2: Elastisitas dan Hukum Hooke**\n\n### **2.1 Besaran Elastisitas**\n\n*   **Tegangan (Stress):**\n    $$ \\sigma = \\frac{F}{A} $$\n*   **Regangan (Strain):**\n    $$ e = \\frac{\\Delta L}{L_0} $$\n*   **Modulus Young (E):**\n    $$ E = \\frac{\\sigma}{e} $$\n\n### **2.2 Hukum Hooke**\n\n*   **Konsep:** Pada daerah elastis, gaya pemulih pada pegas sebanding dengan pertambahan panjangnya.\n*   **Rumus:**\n    $$ F = k \\cdot \\Delta x $$\n    Keterangan:\n    *   $ F $: Gaya pemulih (dalam satuan N)\n    *   $ k $: Konstanta pegas (dalam satuan N/m)\n    *   $ \\Delta x $: Pertambahan panjang pegas (dalam satuan m)\n\n### **2.3 Susunan Pegas**\n\n*   **Susunan Seri:**\n    $$ \\frac{1}{k_{seri}} = \\frac{1}{k_1} + \\frac{1}{k_2} + \\dots $$\n*   **Susunan Paralel:**\n    $$ k_{paralel} = k_1 + k_2 + \\dots $$\n\n### **2.4 Energi Potensial Pegas**\n\n*   **Konsep:** Energi yang tersimpan dalam pegas akibat perubahan panjangnya.\n*   **Rumus:**\n    $$ E_p = \\frac{1}{2}k(\\Delta x)^2 $$\n\n---\n\n## **Bab 3: Fluida Statis**\n\n### **3.1 Tekanan Hidrostatis**\n\n*   **Konsep:** Tekanan zat cair yang disebabkan oleh beratnya sendiri pada kedalaman tertentu.\n*   **Rumus:**\n    $$ P_h = \\rho \\cdot g \\cdot h $$\n    Keterangan:\n    *   $ P_h $: Tekanan hidrostatis\n    *   $ \\rho $: Massa jenis zat cair (dalam satuan $ kg/m^3 $)\n    *   $ g $: Percepatan gravitasi\n    *   $ h $: Kedalaman diukur dari permukaan (dalam satuan m)\n\n### **3.2 Hukum Pascal**\n\n*   **Konsep:** Tekanan yang diberikan pada zat cair dalam ruang tertutup diteruskan ke segala arah sama besar.\n*   **Rumus:**\n    $$ \\frac{F_1}{A_1} = \\frac{F_2}{A_2} $$\n\n### **3.3 Hukum Archimedes**\n\n*   **Konsep:** Setiap benda yang dicelupkan sebagian atau seluruhnya ke dalam fluida akan mendapat gaya angkat ($F_a$) sebesar berat fluida yang dipindahkan.\n*   **Rumus Gaya Angkat:**\n    $$ F_a = \\rho_f \\cdot g \\cdot V_{tercelup} $$\n*   **Kondisi Benda:**\n    *   Mengapung: $ \\rho_{benda} < \\rho_{fluida} $\n    *   Melayang: $ \\rho_{benda} = \\rho_{fluida} $\n    *   Tenggelam: $ \\rho_{benda} > \\rho_{fluida} $\n\n---\n\n## **Bab 4: Fluida Dinamis**\n\n### **4.1 Persamaan Kontinuitas**\n\n*   **Konsep:** Debit aliran ($Q$) fluida ideal selalu konstan di setiap titik.\n*   **Rumus:**\n    $$ Q = A \\cdot v $$\n    $$ A_1 \\cdot v_1 = A_2 \\cdot v_2 $$\n\n### **4.2 Hukum Bernoulli**\n\n*   **Konsep:** Hukum kekekalan energi mekanik pada fluida yang mengalir.\n*   **Rumus:**\n    $$ P + \\rho g h + \\frac{1}{2}\\rho v^2 = \\text{Konstan} $$\n*   **Penerapan:** Gaya angkat pesawat terbang, venturimeter, tabung pitot.\n\n---\n\n## **Bab 5: Suhu, Kalor, dan Perpindahan Kalor**\n\n### **5.1 Kalor Jenis dan Kapasitas Kalor**\n\n*   **Kalor yang Dibutuhkan/Dilepas:**\n    $$ Q = m \\cdot c \\cdot \\Delta T $$\n    $$ Q = C \\cdot \\Delta T $$\n    Keterangan:\n    *   $ Q $: Kalor (dalam satuan Joule)\n    *   $ m $: Massa benda (dalam satuan kg)\n    *   $ c $: Kalor jenis benda (dalam satuan $ J/kg^\\circ C $ atau $ J/kgK $)\n    *   $ \\Delta T $: Perubahan suhu\n    *   $ C $: Kapasitas kalor ($ C = m \\cdot c $)\n\n### **5.2 Asas Black**\n\n*   **Konsep:** Pada pencampuran dua zat, kalor yang dilepas benda bersuhu tinggi sama dengan kalor yang diterima benda bersuhu rendah.\n*   **Rumus:**\n    $$ Q_{lepas} = Q_{terima} $$\n\n### **5.3 Perpindahan Kalor**\n\n*   **Konduksi (Hantaran):** Merambat melalui zat padat tanpa perpindahan partikel.\n    $$ H = \\frac{kA \\Delta T}{L} $$\n*   **Konveksi (Aliran):** Merambat melalui fluida disertai perpindahan partikel.\n    $$ H = hA \\Delta T $$\n*   **Radiasi (Pancaran):** Perpindahan kalor tanpa zat perantara (gelombang elektromagnetik).\n    $$ P = \\epsilon \\sigma A T^4 $$\n\n---\n\n## **Bab 6: Teori Kinetik Gas & Termodinamika**\n\n### **6.1 Persamaan Gas Ideal**\n\n*   **Rumus:**\n    $$ PV = nRT \\quad \\text{atau} \\quad PV = NkT $$\n    Keterangan:\n    *   $ P $: Tekanan gas\n    *   $ V $: Volume gas\n    *   $ n $: Jumlah mol gas\n    *   $ R $: Konstanta gas universal\n    *   $ N $: Jumlah molekul gas\n    *   $ k $: Konstanta Boltzmann\n\n### **6.2 Hukum I Termodinamika**\n\n*   **Konsep:** Prinsip kekekalan energi yang diterapkan pada sistem termodinamika.\n*   **Rumus:**\n    $$ Q = \\Delta U + W $$\n    Keterangan:\n    *   $ Q $: Kalor (Positif jika sistem menyerap kalor)\n    *   $ W $: Usaha (Positif jika sistem melakukan usaha/ekspansi)\n    *   $ \\Delta U $: Perubahan energi dalam\n\n### **6.3 Siklus Carnot**\n\n*   **Konsep:** Mesin kalor ideal dengan efisiensi tertinggi.\n*   **Rumus Efisiensi:**\n    $$ \\eta = \\left( 1 - \\frac{T_{rendah}}{T_{tinggi}} \\right) \\times 100\\% $$\n\n---\n\n## **Bab 7: Gelombang Mekanik**\n\n### **7.1 Besaran Dasar**\n\n*   **Hubungan Cepat Rambat, Panjang Gelombang, dan Frekuensi:**\n    $$ v = \\lambda \\cdot f \\quad \\text{atau} \\quad v = \\frac{\\lambda}{T} $$\n    Keterangan:\n    *   $ v $: Cepat rambat gelombang\n    *   $ \\lambda $: Panjang gelombang\n    *   $ f $: Frekuensi\n    *   $ T $: Periode\n\n### **7.2 Persamaan Gelombang Berjalan**\n\n*   **Konsep:** Persamaan simpangan untuk gelombang yang merambat.\n*   **Rumus:**\n    $$ y = A \\sin(\\omega t \\pm kx) $$\n    Keterangan:\n    *   $ y $: Simpangan gelombang\n    *   $ A $: Amplitudo gelombang\n    *   $ \\omega $: Frekuensi sudut ($ \\omega = 2\\pi f $)\n    *   $ k $: Bilangan gelombang ($ k = \\frac{2\\pi}{\\lambda} $)\n\n---\n\n## **Latihan Soal Singkat:**\n\n1.  Sebuah gaya sebesar 50 N bekerja pada sebuah batang yang berjarak 0.5 meter dari porosnya. Jika sudut antara gaya dan batang adalah 30 derajat, berapakah besar torsi yang dihasilkan?\n2.  Sebuah pegas memiliki konstanta pegas $ k = 200 \\text{ N/m} $. Jika pegas tersebut ditarik sejauh 10 cm dari posisi setimbangnya, berapakah energi potensial yang tersimpan di dalamnya?\n3.  Sebuah tangki berisi air memiliki kedalaman 5 meter. Jika massa jenis air adalah $ 1000 \\text{ kg/m}^3 $ dan percepatan gravitasi $ g = 10 \\text{ m/s}^2 $, berapakah tekanan hidrostatis di dasar tangki?\n\n---\n\nSemoga rangkuman ini membantumu memahami materi Fisika Dasar Kelas 11 SMA ya! Jika ada bagian yang kurang jelas atau ingin didiskusikan lebih lanjut, jangan ragu untuk bertanya. Semangat belajarnya!", "video_file": "", "file": "", "created_at": "2025-12-20T13:40:03.776Z"}}, {"model": "materials.materialprogress", "pk": 1, "fields": {"student": 8, "material": "894038e2-5b91-475e-9937-b7ddc0a3efb1", "is_completed": true, "last_accessed": "2025-12-17T18:38:57.637Z"}}, {"model": "materials.materialprogress", "pk": 2, "fields": {"student": 8, "material": "340f296a-b37d-458a-b554-2ba1b66c29b2", "is_completed": true, "last_accessed": "2025-12-17T18:49:04.862Z"}}, {"model": "materials.materialprogress", "pk": 3, "fields": {"student": 8, "material": "0994bfb5-3612-44d0-aa49-33d569918a7a", "is_completed": true, "last_accessed": "2025-12-17T18:49:11.317Z"}}, {"model": "materials.materialprogress", "pk": 4, "fields": {"student": 8, "material": "79e8f09d-255f-4775-93d9-ad4aa6b85b8b", "is_completed": true, "last_accessed": "2025-12-19T10:28:03.508Z"}}, {"model": "materials.materialprogress", "pk": 5, "fields": {"student": 40, "material": "9f293f60-cd95-47d5-afb6-5331d0630d5d", "is_completed": true, "last_accessed": "2025-12-23T15:09:14.369Z"}}, {"model": "quizzes.quiz", "pk": "058ec83e-d7aa-4b9b-9922-2d2adaeb0635", "fields": {"exam_id": null, "title": "Fisika lanjutan", "description": "Fisika", "class_obj": "4698c108-abf9-4319-a955-e19b2dccaa37", "created_by": 20, "total_questions": 10, "max_score": 100.0, "max_attempts": 1, "duration_minutes": 60, "deadline": "2025-12-21T14:00:00Z", "is_active": true, "created_at": "2025-12-20T13:41:28.615Z", "updated_at": "2025-12-20T13:41:28.627Z"}}, {"model": "quizzes.quiz", "pk": "19eb13a9-4443-44b3-a91d-39fd3de86297", "fields": {"exam_id": null, "title": "Test Physics Quiz", "description": "Testing class association", "class_obj": "06cc2893-b9d2-460c-9768-312236db97c2", "created_by": 26, "total_questions": 1, "max_score": 10.0, "max_attempts": 1, "duration_minutes": 60, "deadline": null, "is_active": true, "created_at": "2025-12-19T01:47:43.045Z", "updated_at": "2025-12-19T01:47:43.048Z"}}, {"model": "quizzes.quiz", "pk": "5212c897-6672-4047-9c31-a805c5a92965", "fields": {"exam_id": null, "title": "Fisika Dasar", "description": "Dasar", "class_obj": "187ffbe1-77fa-46cf-a42f-e43371aa7094", "created_by": 41, "total_questions": 10, "max_score": 100.0, "max_attempts": 1, "duration_minutes": 60, "deadline": "2025-12-24T15:04:00Z", "is_active": true, "created_at": "2025-12-23T15:05:23.740Z", "updated_at": "2025-12-23T15:05:23.749Z"}}, {"model": "quizzes.quiz", "pk": "734f6b55-112c-4ec0-bd12-641da3e1393d", "fields": {"exam_id": null, "title": "Updated Quiz", "description": null, "class_obj": "35dc02e5-0457-4e36-8fff-53972c844181", "created_by": 27, "total_questions": 0, "max_score": 100.0, "max_attempts": 2, "duration_minutes": 90, "deadline": null, "is_active": true, "created_at": "2025-12-19T01:57:25.244Z", "updated_at": "2025-12-19T01:57:25.249Z"}}, {"model": "quizzes.quiz", "pk": "9aa9ee6c-ee2e-4f7c-8b67-8a66e0300114", "fields": {"exam_id": null, "title": "Fisika 2", "description": "Fisika 2", "class_obj": "4698c108-abf9-4319-a955-e19b2dccaa37", "created_by": 20, "total_questions": 10, "max_score": 100.0, "max_attempts": 2, "duration_minutes": 60, "deadline": "2025-12-19T17:00:00Z", "is_active": true, "created_at": "2025-12-19T04:46:51.702Z", "updated_at": "2025-12-19T04:47:13.100Z"}}, {"model": "quizzes.quiz", "pk": "a3cdab4e-b48d-44d6-8070-297a88772bb1", "fields": {"exam_id": null, "title": "Fisika", "description": "Fisika", "class_obj": "4698c108-abf9-4319-a955-e19b2dccaa37", "created_by": 20, "total_questions": 10, "max_score": 100.0, "max_attempts": 3, "duration_minutes": 60, "deadline": "2025-12-19T14:27:00Z", "is_active": true, "created_at": "2025-12-18T14:30:06.964Z", "updated_at": "2025-12-19T01:58:24.355Z"}}, {"model": "quizzes.quiz", "pk": "d2ad230d-afec-43f2-9947-ac99f3da992e", "fields": {"exam_id": null, "title": "Quizz 01", "description": "Deskripsi quiz", "class_obj": "090fbba3-367f-4327-812e-ce38bacef652", "created_by": 28, "total_questions": 1, "max_score": 10.0, "max_attempts": 2, "duration_minutes": 60, "deadline": "2025-12-20T16:35:54.926Z", "is_active": true, "created_at": "2025-12-20T16:36:57.464Z", "updated_at": "2025-12-20T16:36:57.468Z"}}, {"model": "quizzes.quiz", "pk": "f18a7f2a-1b65-474b-a2fc-49a85a213f85", "fields": {"exam_id": null, "title": "Kuis harian Pertemuan", "description": "Dilarang melakukann kecurangan apapun khusunyan menggunaksn bantuan ai", "class_obj": "258441b8-9546-4ebc-9486-b4713593df40", "created_by": 20, "total_questions": 2, "max_score": 20.0, "max_attempts": 1, "duration_minutes": 60, "deadline": "2025-12-24T12:56:00Z", "is_active": true, "created_at": "2025-12-18T13:00:16.937Z", "updated_at": "2025-12-19T01:50:35.167Z"}}, {"model": "quizzes.question", "pk": "065123fb-65fd-4fbc-a1f0-184819b0b29a", "fields": {"quiz": "9aa9ee6c-ee2e-4f7c-8b67-8a66e0300114", "text": "Seorang penyelam berada pada kedalaman 10 meter di bawah permukaan air. Jika massa jenis air 1000 kg/m³ dan percepatan gravitasi 10 m/s², berapakah tekanan hidrostatis yang dialami penyelam?", "order": 5, "points": 10.0, "options": ["1 x 103 Pa", "1 x 104 Pa", "1 x 105 Pa", "1 x 106 Pa"], "answer": "1 x 105 Pa"}}, {"model": "quizzes.question", "pk": "101c2a3b-cfc0-40c0-868b-f9eaeb907998", "fields": {"quiz": "5212c897-6672-4047-9c31-a805c5a92965", "text": "Sebuah mesin Carnot bekerja pada reservoir suhu tinggi 600 K dan reservoir suhu rendah 300 K. Berapakah efisiensi mesin tersebut?", "order": 9, "points": 10.0, "options": ["25%", "50%", "75%", "100%"], "answer": "50%"}}, {"model": "quizzes.question", "pk": "18840013-1cd0-413b-91d7-82c8f598ad42", "fields": {"quiz": "5212c897-6672-4047-9c31-a805c5a92965", "text": "Dua buah pegas identik dengan konstanta masing-masing 100 N/m disusun secara paralel. Berapakah konstanta pegas penggantinya?", "order": 4, "points": 10.0, "options": ["50 N/m", "100 N/m", "150 N/m", "200 N/m"], "answer": "200 N/m"}}, {"model": "quizzes.question", "pk": "1b655a15-69e9-4131-8adb-68ef9af0a112", "fields": {"quiz": "5212c897-6672-4047-9c31-a805c5a92965", "text": "Air mengalir melalui pipa yang memiliki luas penampang A₁ = 10 cm² dengan kecepatan 4 m/s. Air kemudian mengalir menuju pipa A2 yang luas penampangnya 5 cm². Berapakah kecepatan aliran air di pipa A2?", "order": 6, "points": 10.0, "options": ["2 m/s", "4 m/s", "8 m/s", "16 m/s"], "answer": "8 m/s"}}, {"model": "quizzes.question", "pk": "3b29cadf-9105-4814-86ee-a113ee88f306", "fields": {"quiz": "058ec83e-d7aa-4b9b-9922-2d2adaeb0635", "text": "Sebuah mesin Carnot bekerja pada reservoir suhu tinggi 600 K dan reservoir suhu rendah 300 K. Berapakah efisiensi mesin tersebut?", "order": 9, "points": 10.0, "options": ["25%", "50%", "75%", "100%"], "answer": "50%"}}, {"model": "quizzes.question", "pk": "42f76670-36c2-443e-8b92-93bd78388138", "fields": {"quiz": "9aa9ee6c-ee2e-4f7c-8b67-8a66e0300114", "text": "Air mengalir melalui pipa yang memiliki luas penampang A₁ = 10 cm² dengan kecepatan 4 m/s. Air kemudian mengalir menuju pipa A2 yang luas penampangnya 5 cm². Berapakah kecepatan aliran air di pipa A2?", "order": 6, "points": 10.0, "options": ["2 m/s", "4 m/s", "8 m/s", "16 m/s"], "answer": "8 m/s"}}, {"model": "quizzes.question", "pk": "47009da7-a658-4fe5-b963-171d391aaa45", "fields": {"quiz": "9aa9ee6c-ee2e-4f7c-8b67-8a66e0300114", "text": "Dua buah pegas identik dengan konstanta masing-masing 100 N/m disusun secara paralel. Berapakah konstanta pegas penggantinya?", "order": 4, "points": 10.0, "options": ["50 N/m", "100 N/m", "150 N/m", "200 N/m"], "answer": "200 N/m"}}, {"model": "quizzes.question", "pk": "485fed12-a727-47c7-8ed8-38fbefaa8c80", "fields": {"quiz": "058ec83e-d7aa-4b9b-9922-2d2adaeb0635", "text": "Perpindahan kalor yang disertai dengan perpindahan partikel zat perantaranya disebut ...", "order": 8, "points": 10.0, "options": ["Konduksi", "Konveksi", "Radiasi", "Evaporasi"], "answer": "Konveksi"}}, {"model": "quizzes.question", "pk": "4931ed08-fb28-4156-b732-c28a597334da", "fields": {"quiz": "9aa9ee6c-ee2e-4f7c-8b67-8a66e0300114", "text": "Manakah di antara alat berikut yang prinsip kerjanya berdasarkan Hukum Bernoulli?", "order": 7, "points": 10.0, "options": ["Dongkrak hidrolik", "Pompa hidrolik", "Gaya angkat pesawat terbang", "Kapal selam"], "answer": "Gaya angkat pesawat terbang"}}, {"model": "quizzes.question", "pk": "503e6d9b-b67c-47a0-b73d-effb6bfcf24b", "fields": {"quiz": "a3cdab4e-b48d-44d6-8070-297a88772bb1", "text": "Manakah di antara alat berikut yang prinsip kerjanya berdasarkan Hukum Bernoulli?", "order": 7, "points": 10.0, "options": ["Dongkrak hidrolik", "Pompa hidrolik", "Gaya angkat pesawat terbang", "Kapal selam"], "answer": "Gaya angkat pesawat terbang"}}, {"model": "quizzes.question", "pk": "53c82830-78a6-4fbf-b355-f2fc809aa56d", "fields": {"quiz": "5212c897-6672-4047-9c31-a805c5a92965", "text": "Manakah di antara alat berikut yang prinsip kerjanya berdasarkan Hukum Bernoulli?", "order": 7, "points": 10.0, "options": ["Dongkrak hidrolik", "Pompa hidrolik", "Gaya angkat pesawat terbang", "Kapal selam"], "answer": "Gaya angkat pesawat terbang"}}, {"model": "quizzes.question", "pk": "59d587d8-11de-4d6c-ba9e-4b7a84234a81", "fields": {"quiz": "058ec83e-d7aa-4b9b-9922-2d2adaeb0635", "text": "Air mengalir melalui pipa yang memiliki luas penampang A₁ = 10 cm² dengan kecepatan 4 m/s. Air kemudian mengalir menuju pipa A2 yang luas penampangnya 5 cm². Berapakah kecepatan aliran air di pipa A2?", "order": 6, "points": 10.0, "options": ["2 m/s", "4 m/s", "8 m/s", "16 m/s"], "answer": "8 m/s"}}, {"model": "quizzes.question", "pk": "5e948d0d-fc58-49ce-80e0-1f3a5f88d1ab", "fields": {"quiz": "5212c897-6672-4047-9c31-a805c5a92965", "text": "Perpindahan kalor yang disertai dengan perpindahan partikel zat perantaranya disebut ...", "order": 8, "points": 10.0, "options": ["Konduksi", "Konveksi", "Radiasi", "Evaporasi"], "answer": "Konveksi"}}, {"model": "quizzes.question", "pk": "6900e983-72d2-4f25-ac8e-7712869b8951", "fields": {"quiz": "058ec83e-d7aa-4b9b-9922-2d2adaeb0635", "text": "Sebuah pegas memiliki konstanta pegas k = 200 N/m. Jika pegas tersebut ditarik hingga bertambah panjang 5 cm, berapakah gaya pemulih yang bekerja pada pegas tersebut?", "order": 3, "points": 10.0, "options": ["10 N", "20 N", "40 N", "1000 N"], "answer": "10 N"}}, {"model": "quizzes.question", "pk": "69843097-7b48-4a02-8f2d-4105e5542174", "fields": {"quiz": "9aa9ee6c-ee2e-4f7c-8b67-8a66e0300114", "text": "Perpindahan kalor yang disertai dengan perpindahan partikel zat perantaranya disebut ...", "order": 8, "points": 10.0, "options": ["Konduksi", "Konveksi", "Radiasi", "Evaporasi"], "answer": "Konveksi"}}, {"model": "quizzes.question", "pk": "6c234505-50d1-4306-b695-084204a81f62", "fields": {"quiz": "a3cdab4e-b48d-44d6-8070-297a88772bb1", "text": "Dua buah pegas identik dengan konstanta masing-masing 100 N/m disusun secara paralel. Berapakah konstanta pegas penggantinya?", "order": 4, "points": 10.0, "options": ["50 N/m", "100 N/m", "150 N/m", "200 N/m"], "answer": "200 N/m"}}, {"model": "quizzes.question", "pk": "71f10042-8c97-440f-a618-115579be28b0", "fields": {"quiz": "058ec83e-d7aa-4b9b-9922-2d2adaeb0635", "text": "Sebuah bola pejal bermassa 5 kg memiliki jari-jari 0,2 m. Jika bola tersebut diputar melalui pusatnya, berapakah momen inersianya? (Rumus bola pejal I = MR²)", "order": 2, "points": 10.0, "options": ["0,02 kg.m²", "0,04 kg-m²", "0,08 kg.m²", "0,20 kg.m²"], "answer": "0,08 kg.m²"}}, {"model": "quizzes.question", "pk": "7732c5de-d58f-4f74-b31e-64406daf6d3b", "fields": {"quiz": "5212c897-6672-4047-9c31-a805c5a92965", "text": "Sebuah gelombang memiliki persamaan y = 0,5 sin(10πt – 2πx) (satuan dalam SI). Berapakah panjang gelombang (λ) dari gelombang tersebut? (Ingat k = 2π/λ)", "order": 10, "points": 10.0, "options": ["0,5 m", "1,0 m", "2,0 m", "5,0 m"], "answer": "1,0 m"}}, {"model": "quizzes.question", "pk": "7cb859af-9a5a-4896-a321-de970b0f90e1", "fields": {"quiz": "a3cdab4e-b48d-44d6-8070-297a88772bb1", "text": "Sebuah pegas memiliki konstanta pegas k = 200 N/m. Jika pegas tersebut ditarik hingga bertambah panjang 5 cm, berapakah gaya pemulih yang bekerja pada pegas tersebut?", "order": 3, "points": 10.0, "options": ["10 N", "20 N", "40 N", "1000 N"], "answer": "10 N"}}, {"model": "quizzes.question", "pk": "8560c6fa-a8a1-43d3-b48c-8e173b76f059", "fields": {"quiz": "a3cdab4e-b48d-44d6-8070-297a88772bb1", "text": "Seorang penyelam berada pada kedalaman 10 meter di bawah permukaan air. Jika massa jenis air 1000 kg/m³ dan percepatan gravitasi 10 m/s², berapakah tekanan hidrostatis yang dialami penyelam?", "order": 5, "points": 10.0, "options": ["1 x 103 Pa", "1 x 104 Pa", "1 x 105 Pa", "1 x 106 Pa"], "answer": "1 x 105 Pa"}}, {"model": "quizzes.question", "pk": "8eac6ee8-f2f4-4063-afe6-a9ad9f27e5f4", "fields": {"quiz": "19eb13a9-4443-44b3-a91d-39fd3de86297", "text": "What is gravity?", "order": 1, "points": 10.0, "options": ["Force", "Fruit", "Magic", "Nothing"], "answer": "Force"}}, {"model": "quizzes.question", "pk": "916e6c28-d278-4d13-9e89-bf7dd63cadc5", "fields": {"quiz": "9aa9ee6c-ee2e-4f7c-8b67-8a66e0300114", "text": "Sebuah gelombang memiliki persamaan y = 0,5 sin(10πt – 2πx) (satuan dalam SI). Berapakah panjang gelombang (λ) dari gelombang tersebut? (Ingat k = 2π/λ)", "order": 10, "points": 10.0, "options": ["0,5 m", "1,0 m", "2,0 m", "5,0 m"], "answer": "1,0 m"}}, {"model": "quizzes.question", "pk": "98f51a30-5bf6-4910-82f4-e0656bce0991", "fields": {"quiz": "058ec83e-d7aa-4b9b-9922-2d2adaeb0635", "text": "Manakah di antara alat berikut yang prinsip kerjanya berdasarkan Hukum Bernoulli?", "order": 7, "points": 10.0, "options": ["Dongkrak hidrolik", "Pompa hidrolik", "Gaya angkat pesawat terbang", "Kapal selam"], "answer": "Gaya angkat pesawat terbang"}}, {"model": "quizzes.question", "pk": "9c24ae43-bbf9-4621-8b23-7aa842c463f7", "fields": {"quiz": "f18a7f2a-1b65-474b-a2fc-49a85a213f85", "text": "Benarkah", "order": 2, "points": 10.0, "options": ["A", "B", "C", "D"], "answer": "A"}}, {"model": "quizzes.question", "pk": "a0227cff-b646-4b03-bf20-5b0434b38f19", "fields": {"quiz": "a3cdab4e-b48d-44d6-8070-297a88772bb1", "text": "Sebuah mesin Carnot bekerja pada reservoir suhu tinggi 600 K dan reservoir suhu rendah 300 K. Berapakah efisiensi mesin tersebut?", "order": 9, "points": 10.0, "options": ["25%", "50%", "75%", "100%"], "answer": "50%"}}, {"model": "quizzes.question", "pk": "a3d2a4e5-5130-465e-9cdd-3a9af48203f9", "fields": {"quiz": "5212c897-6672-4047-9c31-a805c5a92965", "text": "Seorang penyelam berada pada kedalaman 10 meter di bawah permukaan air. Jika massa jenis air 1000 kg/m³ dan percepatan gravitasi 10 m/s², berapakah tekanan hidrostatis yang dialami penyelam?", "order": 5, "points": 10.0, "options": ["1 x 103 Pa", "1 x 104 Pa", "1 x 105 Pa", "1 x 106 Pa"], "answer": "1 x 105 Pa"}}, {"model": "quizzes.question", "pk": "a4f0957f-4f77-45db-914b-af778f2c9982", "fields": {"quiz": "058ec83e-d7aa-4b9b-9922-2d2adaeb0635", "text": "Sebuah gelombang memiliki persamaan y = 0,5 sin(10πt – 2πx) (satuan dalam SI). Berapakah panjang gelombang (λ) dari gelombang tersebut? (Ingat k = 2π/λ)", "order": 10, "points": 10.0, "options": ["0,5 m", "1,0 m", "2,0 m", "5,0 m"], "answer": "1,0 m"}}, {"model": "quizzes.question", "pk": "a9082cc5-49b2-4cd6-a06f-b181e0bd9a98", "fields": {"quiz": "5212c897-6672-4047-9c31-a805c5a92965", "text": "Sebuah pegas memiliki konstanta pegas k = 200 N/m. Jika pegas tersebut ditarik hingga bertambah panjang 5 cm, berapakah gaya pemulih yang bekerja pada pegas tersebut?", "order": 3, "points": 10.0, "options": ["10 N", "20 N", "40 N", "1000 N"], "answer": "10 N"}}, {"model": "quizzes.question", "pk": "b2e178b0-1dc0-4d3e-8ee1-a36793ddbe12", "fields": {"quiz": "a3cdab4e-b48d-44d6-8070-297a88772bb1", "text": "Air mengalir melalui pipa yang memiliki luas penampang A₁ = 10 cm² dengan kecepatan 4 m/s. Air kemudian mengalir menuju pipa A2 yang luas penampangnya 5 cm². Berapakah kecepatan aliran air di pipa A2?", "order": 6, "points": 10.0, "options": ["2 m/s", "4 m/s", "8 m/s", "16 m/s"], "answer": "8 m/s"}}, {"model": "quizzes.question", "pk": "b32a1c00-6112-498f-8e0c-9ac45d6bd8e9", "fields": {"quiz": "9aa9ee6c-ee2e-4f7c-8b67-8a66e0300114", "text": "Sebuah bola pejal bermassa 5 kg memiliki jari-jari 0,2 m. Jika bola tersebut diputar melalui pusatnya, berapakah momen inersianya? (Rumus bola pejal I = MR²)", "order": 2, "points": 10.0, "options": ["0,02 kg.m²", "0,04 kg-m²", "0,08 kg.m²", "0,20 kg.m²"], "answer": "0,08 kg.m²"}}, {"model": "quizzes.question", "pk": "bab4082d-d521-4524-aa49-e2281925a39e", "fields": {"quiz": "9aa9ee6c-ee2e-4f7c-8b67-8a66e0300114", "text": "Sebuah mesin Carnot bekerja pada reservoir suhu tinggi 600 K dan reservoir suhu rendah 300 K. Berapakah efisiensi mesin tersebut?", "order": 9, "points": 10.0, "options": ["25%", "50%", "75%", "100%"], "answer": "50%"}}, {"model": "quizzes.question", "pk": "c4c64491-7ba6-4786-a968-2149c7037d61", "fields": {"quiz": "d2ad230d-afec-43f2-9947-ac99f3da992e", "text": "Apakah", "order": 1, "points": 10.0, "options": ["A", "B", "C", "D"], "answer": "D"}}, {"model": "quizzes.question", "pk": "c6bc9fab-601d-4fe3-93a4-87ac540e06f0", "fields": {"quiz": "9aa9ee6c-ee2e-4f7c-8b67-8a66e0300114", "text": "Sebuah gaya F = 20 N bekerja pada ujung batang dengan panjang lengan gaya r = 2 m. Jika sudut antara arah gaya dan lengan gaya adalah 30°, berapakah besar momen gaya (torsi) yang dihasilkan?", "order": 1, "points": 10.0, "options": ["10 Nm", "20 Nm", "40 Nm", "20√3 Nm"], "answer": "20 Nm"}}, {"model": "quizzes.question", "pk": "d168ffb2-d3bf-4964-a2cc-1d9dffa4cf94", "fields": {"quiz": "a3cdab4e-b48d-44d6-8070-297a88772bb1", "text": "Sebuah bola pejal bermassa 5 kg memiliki jari-jari 0,2 m. Jika bola tersebut diputar melalui pusatnya, berapakah momen inersianya? (Rumus bola pejal I = MR²)", "order": 2, "points": 10.0, "options": ["0,02 kg.m²", "0,04 kg-m²", "0,08 kg.m²", "0,20 kg.m²"], "answer": "0,08 kg.m²"}}, {"model": "quizzes.question", "pk": "e03b788c-4d63-43c7-92da-789d605702a3", "fields": {"quiz": "058ec83e-d7aa-4b9b-9922-2d2adaeb0635", "text": "Seorang penyelam berada pada kedalaman 10 meter di bawah permukaan air. Jika massa jenis air 1000 kg/m³ dan percepatan gravitasi 10 m/s², berapakah tekanan hidrostatis yang dialami penyelam?", "order": 5, "points": 10.0, "options": ["1 x 103 Pa", "1 x 104 Pa", "1 x 105 Pa", "1 x 106 Pa"], "answer": "1 x 105 Pa"}}, {"model": "quizzes.question", "pk": "e49cdd11-2bd4-454a-98ee-36e73f2d2fcd", "fields": {"quiz": "f18a7f2a-1b65-474b-a2fc-49a85a213f85", "text": "Apakah", "order": 1, "points": 10.0, "options": ["A", "B", "C", "D"], "answer": "A"}}, {"model": "quizzes.question", "pk": "ed4ca255-16fe-4bc1-98f8-3363ec7c3f34", "fields": {"quiz": "a3cdab4e-b48d-44d6-8070-297a88772bb1", "text": "Perpindahan kalor yang disertai dengan perpindahan partikel zat perantaranya disebut ...", "order": 8, "points": 10.0, "options": ["Konduksi", "Konveksi", "Radiasi", "Evaporasi"], "answer": "Konveksi"}}, {"model": "quizzes.question", "pk": "f18f940f-b5e8-48e7-a87b-5456bee612ab", "fields": {"quiz": "5212c897-6672-4047-9c31-a805c5a92965", "text": "Sebuah bola pejal bermassa 5 kg memiliki jari-jari 0,2 m. Jika bola tersebut diputar melalui pusatnya, berapakah momen inersianya? (Rumus bola pejal I = MR²)", "order": 2, "points": 10.0, "options": ["0,02 kg.m²", "0,04 kg-m²", "0,08 kg.m²", "0,20 kg.m²"], "answer": "0,08 kg.m²"}}, {"model": "quizzes.question", "pk": "f1c6f0d5-f1be-4614-bdaf-e80bc21208cf", "fields": {"quiz": "9aa9ee6c-ee2e-4f7c-8b67-8a66e0300114", "text": "Sebuah pegas memiliki konstanta pegas k = 200 N/m. Jika pegas tersebut ditarik hingga bertambah panjang 5 cm, berapakah gaya pemulih yang bekerja pada pegas tersebut?", "order": 3, "points": 10.0, "options": ["10 N", "20 N", "40 N", "1000 N"], "answer": "10 N"}}, {"model": "quizzes.question", "pk": "f5976b9d-6625-483f-a02f-15e9e6312730", "fields": {"quiz": "058ec83e-d7aa-4b9b-9922-2d2adaeb0635", "text": "Dua buah pegas identik dengan konstanta masing-masing 100 N/m disusun secara paralel. Berapakah konstanta pegas penggantinya?", "order": 4, "points": 10.0, "options": ["50 N/m", "100 N/m", "150 N/m", "200 N/m"], "answer": "200 N/m"}}, {"model": "quizzes.question", "pk": "f965643a-45a3-43bb-b0ea-b7853238e340", "fields": {"quiz": "a3cdab4e-b48d-44d6-8070-297a88772bb1", "text": "Sebuah gaya F = 20 N bekerja pada ujung batang dengan panjang lengan gaya r = 2 m. Jika sudut antara arah gaya dan lengan gaya adalah 30°, berapakah besar momen gaya (torsi) yang dihasilkan?", "order": 1, "points": 10.0, "options": ["10 Nm", "20 Nm", "40 Nm", "20√3 Nm"], "answer": "20 Nm"}}, {"model": "quizzes.question", "pk": "fcbe446e-9048-4c17-96d5-a6c193879725", "fields": {"quiz": "a3cdab4e-b48d-44d6-8070-297a88772bb1", "text": "Sebuah gelombang memiliki persamaan y = 0,5 sin(10πt – 2πx) (satuan dalam SI). Berapakah panjang gelombang (λ) dari gelombang tersebut? (Ingat k = 2π/λ)", "order": 10, "points": 10.0, "options": ["0,5 m", "1,0 m", "2,0 m", "5,0 m"], "answer": "1,0 m"}}, {"model": "quizzes.question", "pk": "fd2fd693-72bf-48d4-9eeb-725b7d1a3bc7", "fields": {"quiz": "5212c897-6672-4047-9c31-a805c5a92965", "text": "Sebuah gaya F = 20 N bekerja pada ujung batang dengan panjang lengan gaya r = 2 m. Jika sudut antara arah gaya dan lengan gaya adalah 30°, berapakah besar momen gaya (torsi) yang dihasilkan?", "order": 1, "points": 10.0, "options": ["10 Nm", "20 Nm", "40 Nm", "20√3 Nm"], "answer": "20 Nm"}}, {"model": "quizzes.question", "pk": "feb1c9d5-0422-4016-b925-bd2fd71775c2", "fields": {"quiz": "058ec83e-d7aa-4b9b-9922-2d2adaeb0635", "text": "Sebuah gaya F = 20 N bekerja pada ujung batang dengan panjang lengan gaya r = 2 m. Jika sudut antara arah gaya dan lengan gaya adalah 30°, berapakah besar momen gaya (torsi) yang dihasilkan?", "order": 1, "points": 10.0, "options": ["10 Nm", "20 Nm", "40 Nm", "20√3 Nm"], "answer": "20 Nm"}}, {"model": "quizzes.quizattempt", "pk": "4dba48f7-0504-4c8a-b769-dbfb8ec527c9", "fields": {"quiz": "a3cdab4e-b48d-44d6-8070-297a88772bb1", "user": 8, "score": 0.0, "submitted_at": "2025-12-18T14:31:44.642Z"}}, {"model": "quizzes.quizattempt", "pk": "51213f83-459f-4765-a2b5-2e4459c23ac1", "fields": {"quiz": "f18a7f2a-1b65-474b-a2fc-49a85a213f85", "user": 8, "score": 0.0, "submitted_at": "2025-12-18T13:16:32.252Z"}}, {"model": "quizzes.quizattempt", "pk": "54323731-d325-469b-b519-53d18fc16167", "fields": {"quiz": "a3cdab4e-b48d-44d6-8070-297a88772bb1", "user": 8, "score": 20.0, "submitted_at": "2025-12-19T03:17:09.146Z"}}, {"model": "quizzes.quizattempt", "pk": "6ce3b3d5-ed90-4073-a7b7-0f170323c8c6", "fields": {"quiz": "5212c897-6672-4047-9c31-a805c5a92965", "user": 40, "score": 10.0, "submitted_at": "2025-12-23T15:08:50.229Z"}}, {"model": "quizzes.quizattempt", "pk": "a367139b-f011-44b3-bd57-b76407131a29", "fields": {"quiz": "058ec83e-d7aa-4b9b-9922-2d2adaeb0635", "user": 8, "score": 0.0, "submitted_at": "2025-12-20T15:29:27.619Z"}}, {"model": "quizzes.quizattempt", "pk": "d8bbdd2d-9752-4081-a3ef-cdc5d99a343f", "fields": {"quiz": "f18a7f2a-1b65-474b-a2fc-49a85a213f85", "user": 8, "score": 0.0, "submitted_at": "2025-12-18T13:16:20.776Z"}}, {"model": "quizzes.quizattempt", "pk": "fa1ed4c4-da55-4bcc-b4a4-aaa6981be4b6", "fields": {"quiz": "a3cdab4e-b48d-44d6-8070-297a88772bb1", "user": 8, "score": 30.0, "submitted_at": "2025-12-19T02:09:56.341Z"}}, {"model": "quizzes.useranswer", "pk": "0e09b72b-02e2-4ed5-8e53-4d0156f15771", "fields": {"attempt": "fa1ed4c4-da55-4bcc-b4a4-aaa6981be4b6", "question": "6c234505-50d1-4306-b695-084204a81f62", "answer_text": "100 N/m"}}, {"model": "quizzes.useranswer", "pk": "10c9ae61-c5f7-4c05-a262-3fd6925683db", "fields": {"attempt": "fa1ed4c4-da55-4bcc-b4a4-aaa6981be4b6", "question": "503e6d9b-b67c-47a0-b73d-effb6bfcf24b", "answer_text": "Pompa hidrolik"}}, {"model": "quizzes.useranswer", "pk": "215993b0-5be9-47cc-9988-3f50a3f13bc5", "fields": {"attempt": "54323731-d325-469b-b519-53d18fc16167", "question": "8560c6fa-a8a1-43d3-b48c-8e173b76f059", "answer_text": "1 x 105 Pa"}}, {"model": "quizzes.useranswer", "pk": "2b534c86-bd11-440b-a2cc-44976afb8f31", "fields": {"attempt": "6ce3b3d5-ed90-4073-a7b7-0f170323c8c6", "question": "f18f940f-b5e8-48e7-a87b-5456bee612ab", "answer_text": "0,02 kg.m²"}}, {"model": "quizzes.useranswer", "pk": "2cc05c63-f0af-41ad-976d-7cfd4b24a821", "fields": {"attempt": "54323731-d325-469b-b519-53d18fc16167", "question": "6c234505-50d1-4306-b695-084204a81f62", "answer_text": "50 N/m"}}, {"model": "quizzes.useranswer", "pk": "3f1e4ca0-6493-483b-a7ec-330c5876b92e", "fields": {"attempt": "fa1ed4c4-da55-4bcc-b4a4-aaa6981be4b6", "question": "7cb859af-9a5a-4896-a321-de970b0f90e1", "answer_text": "20 N"}}, {"model": "quizzes.useranswer", "pk": "43b8124b-1be3-41a6-b77c-b74aca267afc", "fields": {"attempt": "54323731-d325-469b-b519-53d18fc16167", "question": "ed4ca255-16fe-4bc1-98f8-3363ec7c3f34", "answer_text": "Konduksi"}}, {"model": "quizzes.useranswer", "pk": "4622be7a-2490-4962-9c2a-f1fd2523bd13", "fields": {"attempt": "6ce3b3d5-ed90-4073-a7b7-0f170323c8c6", "question": "a3d2a4e5-5130-465e-9cdd-3a9af48203f9", "answer_text": "1 x 103 Pa"}}, {"model": "quizzes.useranswer", "pk": "4abf8ea7-3ef1-4860-b22f-6a25d3c207fe", "fields": {"attempt": "54323731-d325-469b-b519-53d18fc16167", "question": "f965643a-45a3-43bb-b0ea-b7853238e340", "answer_text": "40 Nm"}}, {"model": "quizzes.useranswer", "pk": "4e181c7c-82d5-4b16-bfa3-5be15601fb1e", "fields": {"attempt": "fa1ed4c4-da55-4bcc-b4a4-aaa6981be4b6", "question": "d168ffb2-d3bf-4964-a2cc-1d9dffa4cf94", "answer_text": "0,04 kg-m²"}}, {"model": "quizzes.useranswer", "pk": "4f7cd3ed-9237-4426-8829-ffef8d652c93", "fields": {"attempt": "fa1ed4c4-da55-4bcc-b4a4-aaa6981be4b6", "question": "f965643a-45a3-43bb-b0ea-b7853238e340", "answer_text": "10 Nm"}}, {"model": "quizzes.useranswer", "pk": "4f8c3b27-8207-4056-a3f1-32c35674cf59", "fields": {"attempt": "54323731-d325-469b-b519-53d18fc16167", "question": "d168ffb2-d3bf-4964-a2cc-1d9dffa4cf94", "answer_text": "0,08 kg.m²"}}, {"model": "quizzes.useranswer", "pk": "51f3a114-8351-40b3-96ee-68976b26b9f6", "fields": {"attempt": "6ce3b3d5-ed90-4073-a7b7-0f170323c8c6", "question": "1b655a15-69e9-4131-8adb-68ef9af0a112", "answer_text": "4 m/s"}}, {"model": "quizzes.useranswer", "pk": "745a50cd-cc3e-4635-9533-1849c9ab8345", "fields": {"attempt": "fa1ed4c4-da55-4bcc-b4a4-aaa6981be4b6", "question": "8560c6fa-a8a1-43d3-b48c-8e173b76f059", "answer_text": "1 x 104 Pa"}}, {"model": "quizzes.useranswer", "pk": "7b15cee4-f16c-42fa-a8e0-8d0701e8cc4c", "fields": {"attempt": "6ce3b3d5-ed90-4073-a7b7-0f170323c8c6", "question": "a9082cc5-49b2-4cd6-a06f-b181e0bd9a98", "answer_text": "10 N"}}, {"model": "quizzes.useranswer", "pk": "8f906082-9892-48e1-a344-ef0417e259dc", "fields": {"attempt": "fa1ed4c4-da55-4bcc-b4a4-aaa6981be4b6", "question": "fcbe446e-9048-4c17-96d5-a6c193879725", "answer_text": "1,0 m"}}, {"model": "quizzes.useranswer", "pk": "98d00aa9-bafc-42ee-b99d-f85797b82b9d", "fields": {"attempt": "54323731-d325-469b-b519-53d18fc16167", "question": "503e6d9b-b67c-47a0-b73d-effb6bfcf24b", "answer_text": "Dongkrak hidrolik"}}, {"model": "quizzes.useranswer", "pk": "a43d0169-8c89-480e-ab2d-763ceb25023a", "fields": {"attempt": "6ce3b3d5-ed90-4073-a7b7-0f170323c8c6", "question": "fd2fd693-72bf-48d4-9eeb-725b7d1a3bc7", "answer_text": "40 Nm"}}, {"model": "quizzes.useranswer", "pk": "b5514bb2-b4d3-4de6-be1c-18e39e34b84d", "fields": {"attempt": "fa1ed4c4-da55-4bcc-b4a4-aaa6981be4b6", "question": "ed4ca255-16fe-4bc1-98f8-3363ec7c3f34", "answer_text": "Konveksi"}}, {"model": "quizzes.useranswer", "pk": "c0fbea94-0e1b-444f-8b1f-3f3ea5adbced", "fields": {"attempt": "fa1ed4c4-da55-4bcc-b4a4-aaa6981be4b6", "question": "a0227cff-b646-4b03-bf20-5b0434b38f19", "answer_text": "50%"}}, {"model": "quizzes.useranswer", "pk": "c25cfc81-e39b-4b19-9155-776357ccb393", "fields": {"attempt": "54323731-d325-469b-b519-53d18fc16167", "question": "7cb859af-9a5a-4896-a321-de970b0f90e1", "answer_text": "1000 N"}}, {"model": "quizzes.useranswer", "pk": "cff80779-f041-4a9a-b19f-21ce8dce9592", "fields": {"attempt": "6ce3b3d5-ed90-4073-a7b7-0f170323c8c6", "question": "18840013-1cd0-413b-91d7-82c8f598ad42", "answer_text": "50 N/m"}}, {"model": "quizzes.useranswer", "pk": "e5a79625-7e1f-4e2a-837e-a8a9bb3ec62e", "fields": {"attempt": "54323731-d325-469b-b519-53d18fc16167", "question": "fcbe446e-9048-4c17-96d5-a6c193879725", "answer_text": "0,5 m"}}, {"model": "quizzes.useranswer", "pk": "e9f8a17b-8feb-42f2-b2c0-e0a8183f7dd3", "fields": {"attempt": "fa1ed4c4-da55-4bcc-b4a4-aaa6981be4b6", "question": "b2e178b0-1dc0-4d3e-8ee1-a36793ddbe12", "answer_text": "4 m/s"}}, {"model": "quizzes.useranswer", "pk": "ed40b4aa-525a-4cf5-930c-fdf64e542255", "fields": {"attempt": "54323731-d325-469b-b519-53d18fc16167", "question": "b2e178b0-1dc0-4d3e-8ee1-a36793ddbe12", "answer_text": "2 m/s"}}, {"model": "quizzes.useranswer", "pk": "ef9602ae-715b-4c4b-b921-865baaccd200", "fields": {"attempt": "6ce3b3d5-ed90-4073-a7b7-0f170323c8c6", "question": "5e948d0d-fc58-49ce-80e0-1f3a5f88d1ab", "answer_text": "Konduksi"}}, {"model": "quizzes.useranswer", "pk": "f61fb21f-2531-4d69-ae9c-36be0f8f2cba", "fields": {"attempt": "54323731-d325-469b-b519-53d18fc16167", "question": "a0227cff-b646-4b03-bf20-5b0434b38f19", "answer_text": "25%"}}, {"model": "quizzes.useranswer", "pk": "fcb904db-d803-4333-a8b9-f112ba462e72", "fields": {"attempt": "6ce3b3d5-ed90-4073-a7b7-0f170323c8c6", "question": "53c82830-78a6-4fbf-b355-f2fc809aa56d", "answer_text": "Pompa hidrolik"}}, {"model": "quizzes.useranswer", "pk": "fe874064-8cf5-4925-ba0c-1c665b2aac1c", "fields": {"attempt": "6ce3b3d5-ed90-4073-a7b7-0f170323c8c6", "question": "7732c5de-d58f-4f74-b31e-64406daf6d3b", "answer_text": "0,5 m"}}, {"model": "quizzes.useranswer", "pk": "fe93b3a4-abd6-4341-afe4-a784174ac0c7", "fields": {"attempt": "6ce3b3d5-ed90-4073-a7b7-0f170323c8c6", "question": "101c2a3b-cfc0-40c0-868b-f9eaeb907998", "answer_text": "25%"}}]